"confid","iso3c","country","start_year","end_year","years","length","conflict","group_id","ucdp_region","intensity","initial_start_date","episode_start_date","end_date","episode_length_in_months","episode_length_in_years","total_conflict_length_in_months"
"11342","IND","India",1946,2011,"1946–2011",66,0,1,"Asia",0,1997-05-29,NA,NA,NA,65,NA
"11342","IND","India",2012,2014,"2012–2014",3,1,2,"Asia",1,1997-05-29,2012-11-15,2014-11-27,24.4,2,209.935483870968
"11342","IND","India",2015,2019,"2015–2019",5,0,3,"Asia",0,1997-05-29,NA,NA,NA,4,NA
"11344","SDN","Sudan",1946,2010,"1946–2010",65,0,1,"Africa",0,2011-05-01,NA,NA,NA,64,NA
"11344","SDN","Sudan",2011,2011,"2011–2011",1,1,2,"Africa",1,2011-05-01,2011-05-19,2011-06-15,0.870967741935484,0,1.46666666666667
"11344","SDN","Sudan",2012,2019,"2012–2019",8,0,3,"Africa",0,2011-05-01,NA,NA,NA,7,NA
"11345","SSD","South Sudan",1946,2010,"1946–2010",65,0,1,"Africa",0,2011-08-20,NA,NA,NA,64,NA
"11345","SSD","South Sudan",2011,2019,"2011–2019",9,1,2,"Africa",2,2011-08-20,2011-08-20,NA,NA,8,NA
"11346","LBY","Libya",1946,2010,"1946–2010",65,0,1,"Africa",0,2011-02-28,NA,NA,NA,64,NA
"11346","LBY","Libya",2011,2019,"2011–2019",9,1,2,"Africa",2,2011-02-28,2011-03-04,2017-11-12,80.2666666666667,8,80.4838709677419
"11347","MLI","Mali",1946,2008,"1946–2008",63,0,1,"Africa",0,2009-06-10,NA,NA,NA,62,NA
"11347","MLI","Mali",2009,2009,"2009–2009",1,1,2,"Africa",1,2009-06-10,2009-06-16,2009-07-16,1,0,1.19354838709677
"11347","MLI","Mali",2010,2011,"2010–2011",2,0,3,"Africa",0,2009-06-10,NA,NA,NA,1,NA
"11347","MLI","Mali",2012,2019,"2012–2019",8,1,4,"Africa",1,2009-06-10,2012-01-24,NA,NA,7,NA
"11349","CHN","China",1946,2007,"1946–2007",62,0,1,"Asia",0,1990-04-05,NA,NA,NA,61,NA
"11349","CHN","China",2008,2008,"2008–2008",1,1,2,"Asia",1,1990-04-05,2008-08-10,2008-08-29,0.612903225806452,0,220.774193548387
"11349","CHN","China",2009,2019,"2009–2019",11,0,3,"Asia",0,1990-04-05,NA,NA,NA,10,NA
"11350","BGD","Bangladesh",1946,2004,"1946–2004",59,0,1,"Asia",0,1994-04-24,NA,NA,NA,58,NA
"11350","BGD","Bangladesh",2005,2006,"2005–2006",2,1,2,"Asia",1,1994-04-24,2005-02-08,2006-12-22,22.4516129032258,1,151.933333333333
"11350","BGD","Bangladesh",2007,2019,"2007–2019",13,0,3,"Asia",0,1994-04-24,NA,NA,NA,12,NA
"11447","ETH","Ethiopia",1946,1990,"1946–1990",45,0,1,"Africa",0,1991-10-10,NA,NA,NA,44,NA
"11447","ETH","Ethiopia",1991,1991,"1991–1991",1,1,2,"Africa",1,1991-10-10,1991-10-10,1991-10-10,0,0,0
"11447","ETH","Ethiopia",1992,2019,"1992–2019",28,0,3,"Africa",0,1991-10-10,NA,NA,NA,27,NA
"11475","MMR","Myanmar (Burma)",1946,1990,"1946–1990",45,0,1,"Asia",0,1991-12-31,NA,NA,NA,44,NA
"11475","MMR","Myanmar (Burma)",1991,1991,"1991–1991",1,1,2,"Asia",1,1991-12-31,1991-12-31,1991-12-31,0,0,0
"11475","MMR","Myanmar (Burma)",1992,1994,"1992–1994",3,0,3,"Asia",0,1991-12-31,NA,NA,NA,2,NA
"11475","MMR","Myanmar (Burma)",1995,1995,"1995–1995",1,1,4,"Asia",1,1991-12-31,1995-04-17,1995-05-03,0.533333333333333,0,40.0967741935484
"11475","MMR","Myanmar (Burma)",1996,1999,"1996–1999",4,0,5,"Asia",0,1991-12-31,NA,NA,NA,3,NA
"11475","MMR","Myanmar (Burma)",2000,2001,"2000–2001",2,1,6,"Asia",1,1991-12-31,2000-02-28,2001-05-18,14.6666666666667,1,112.58064516129
"11475","MMR","Myanmar (Burma)",2002,2004,"2002–2004",3,0,7,"Asia",0,1991-12-31,NA,NA,NA,2,NA
"11475","MMR","Myanmar (Burma)",2005,2007,"2005–2007",3,1,8,"Asia",1,1991-12-31,2005-01-31,2007-02-15,24.5357142857143,2,181.535714285714
"11475","MMR","Myanmar (Burma)",2008,2019,"2008–2019",12,0,9,"Asia",0,1991-12-31,NA,NA,NA,11,NA
"11487","MYS","Malaysia",1946,2012,"1946–2012",67,0,1,"Asia",0,2013-03-01,NA,NA,NA,66,NA
"11487","MYS","Malaysia",2013,2013,"2013–2013",1,1,2,"Asia",1,2013-03-01,2013-03-02,2013-04-24,1.73333333333333,0,1.76666666666667
"11487","MYS","Malaysia",2014,2019,"2014–2019",6,0,3,"Asia",0,2013-03-01,NA,NA,NA,5,NA
"11884","IND","India",1946,1946,"1946–1946",1,0,1,"Asia",0,1947-06-30,NA,NA,NA,0,NA
"11884","IND","India",1947,1948,"1947–1948",2,1,2,"Asia",2,1947-06-30,1947-06-30,1948-09-18,14.6129032258065,1,14.6129032258065
"11884","IND","India",1949,2019,"1949–2019",71,0,3,"Asia",0,1947-06-30,NA,NA,NA,70,NA
"13042","SYR","Syria",1946,2011,"1946–2011",66,0,1,"Middle East",0,2011-09-10,NA,NA,NA,65,NA
"13042","SYR","Syria",2012,2015,"2012–2015",4,1,2,"Middle East",1,2011-09-10,2012-09-07,2015-07-25,34.5806451612903,3,46.4838709677419
"13042","SYR","Syria",2016,2019,"2016–2019",4,0,3,"Middle East",0,2011-09-10,NA,NA,NA,3,NA
"13219","UKR","Ukraine",1946,2013,"1946–2013",68,0,1,"Europe",0,2014-01-22,NA,NA,NA,67,NA
"13219","UKR","Ukraine",2014,2014,"2014–2014",1,1,2,"Europe",1,2014-01-22,2014-02-18,2014-02-21,0.107142857142857,0,0.967741935483871
"13219","UKR","Ukraine",2015,2019,"2015–2019",5,0,3,"Europe",0,2014-01-22,NA,NA,NA,4,NA
"13246","UKR","Ukraine",1946,2013,"1946–2013",68,0,1,"Europe",0,2014-04-12,NA,NA,NA,67,NA
"13246","UKR","Ukraine",2014,2014,"2014–2014",1,1,2,"Europe",2,2014-04-12,2014-05-02,2014-09-16,4.46666666666667,0,5.13333333333333
"13246","UKR","Ukraine",2015,2019,"2015–2019",5,0,3,"Europe",0,2014-04-12,NA,NA,NA,4,NA
"13247","UKR","Ukraine",1946,2013,"1946–2013",68,0,1,"Europe",0,2014-05-04,NA,NA,NA,67,NA
"13247","UKR","Ukraine",2014,2014,"2014–2014",1,1,2,"Europe",1,2014-05-04,2014-06-14,2014-08-26,2.38709677419355,0,3.70967741935484
"13247","UKR","Ukraine",2015,2019,"2015–2019",5,0,3,"Europe",0,2014-05-04,NA,NA,NA,4,NA
"13306","UKR","Ukraine",1946,2013,"1946–2013",68,0,1,"Europe",0,2014-09-17,NA,NA,NA,67,NA
"13306","UKR","Ukraine",2014,2019,"2014–2019",6,1,2,"Europe",2,2014-09-17,2014-09-25,NA,NA,5,NA
"13588","RUS","Russia",1946,2014,"1946–2014",69,0,1,"Europe",0,2015-03-21,NA,NA,NA,68,NA
"13588","RUS","Russia",2015,2019,"2015–2019",5,1,2,"Europe",1,2015-03-21,2015-08-01,NA,NA,4,NA
"13604","SYR","Syria",1946,2012,"1946–2012",67,0,1,"Middle East",0,2013-05-13,NA,NA,NA,66,NA
"13604","SYR","Syria",2013,2019,"2013–2019",7,1,2,"Middle East",2,2013-05-13,2013-07-27,NA,NA,6,NA
"13611","MLI","Mali",1946,2014,"1946–2014",69,0,1,"Africa",0,2015-01-05,NA,NA,NA,68,NA
"13611","MLI","Mali",2015,2015,"2015–2015",1,1,2,"Africa",1,2015-01-05,2015-06-27,2015-10-28,4.03225806451613,0,9.74193548387097
"13611","MLI","Mali",2016,2019,"2016–2019",4,0,3,"Africa",0,2015-01-05,NA,NA,NA,3,NA
"13637","AFG","Afghanistan",1946,2014,"1946–2014",69,0,1,"Asia",0,2015-02-09,NA,NA,NA,68,NA
"13637","AFG","Afghanistan",2015,2019,"2015–2019",5,1,2,"Asia",2,2015-02-09,2015-03-03,NA,NA,4,NA
"13638","CMR","Cameroon",1946,2014,"1946–2014",69,0,1,"Africa",0,2015-03-19,NA,NA,NA,68,NA
"13638","CMR","Cameroon",2015,2016,"2015–2016",2,1,2,"Africa",1,2015-03-19,2015-08-11,2016-10-06,13.8333333333333,1,18.5666666666667
"13638","CMR","Cameroon",2017,2018,"2017–2018",2,0,3,"Africa",0,2015-03-19,NA,NA,NA,1,NA
"13638","CMR","Cameroon",2019,2019,"2019–2019",1,1,4,"Africa",1,2015-03-19,2019-04-27,NA,NA,0,NA
"13639","NER","Niger",1946,2014,"1946–2014",69,0,1,"Africa",0,2015-03-26,NA,NA,NA,68,NA
"13639","NER","Niger",2015,2019,"2015–2019",5,1,2,"Africa",1,2015-03-26,2015-03-30,NA,NA,4,NA
"13640","TCD","Chad",1946,2014,"1946–2014",69,0,1,"Africa",0,2015-05-27,NA,NA,NA,68,NA
"13640","TCD","Chad",2015,2019,"2015–2019",5,1,2,"Africa",1,2015-05-27,2015-05-27,2015-11-01,5.16129032258065,4,5.16129032258065
"13641","NGA","Nigeria",1946,2014,"1946–2014",69,0,1,"Africa",0,2015-03-15,NA,NA,NA,68,NA
"13641","NGA","Nigeria",2015,2019,"2015–2019",5,1,2,"Africa",2,2015-03-15,2015-03-22,NA,NA,4,NA
"13645","YAR","North Yemen",1946,2014,"1946–2014",69,0,1,"Middle East",0,2015-03-20,NA,NA,NA,68,NA
"13645","YAR","North Yemen",2015,2017,"2015–2017",3,1,2,"Middle East",1,2015-03-20,2015-03-20,2017-05-18,25.9333333333333,2,25.9333333333333
"13645","YAR","North Yemen",2018,2019,"2018–2019",2,0,3,"Middle East",0,2015-03-20,NA,NA,NA,1,NA
"13646","KEN","Kenya",1946,2014,"1946–2014",69,0,1,"Africa",0,2015-03-13,NA,NA,NA,68,NA
"13646","KEN","Kenya",2015,2019,"2015–2019",5,1,2,"Africa",1,2015-03-13,2015-07-13,NA,NA,4,NA
"13648","EGY","Egypt",1946,2014,"1946–2014",69,0,1,"Middle East",0,2014-11-16,NA,NA,NA,68,NA
"13648","EGY","Egypt",2015,2019,"2015–2019",5,1,2,"Middle East",1,2014-11-16,2015-01-29,NA,NA,4,NA
"13653","IND","India",1946,2014,"1946–2014",69,0,1,"Asia",0,2015-04-19,NA,NA,NA,68,NA
"13653","IND","India",2015,2018,"2015–2018",4,1,2,"Asia",1,2015-04-19,2015-06-04,2018-12-03,41.9666666666667,3,43.4666666666667
"13653","IND","India",2019,2019,"2019–2019",1,0,3,"Asia",0,2015-04-19,NA,NA,NA,0,NA
"13674","BGD","Bangladesh",1946,2015,"1946–2015",70,0,1,"Asia",0,2015-11-04,NA,NA,NA,69,NA
"13674","BGD","Bangladesh",2016,2017,"2016–2017",2,1,2,"Asia",1,2015-11-04,2016-08-29,2017-09-06,12.258064516129,1,22.0666666666667
"13674","BGD","Bangladesh",2018,2019,"2018–2019",2,0,3,"Asia",0,2015-11-04,NA,NA,NA,1,NA
"13675","LBN","Lebanon",1946,2013,"1946–2013",68,0,1,"Middle East",0,2014-06-25,NA,NA,NA,67,NA
"13675","LBN","Lebanon",2014,2017,"2014–2017",4,1,2,"Middle East",1,2014-06-25,2014-08-03,2017-08-27,36.7741935483871,3,38.0645161290323
"13675","LBN","Lebanon",2018,2019,"2018–2019",2,0,3,"Middle East",0,2014-06-25,NA,NA,NA,1,NA
"13694","LBY","Libya",1946,2014,"1946–2014",69,0,1,"Africa",0,2015-03-14,NA,NA,NA,68,NA
"13694","LBY","Libya",2015,2019,"2015–2019",5,1,2,"Africa",2,2015-03-14,2015-03-18,NA,NA,4,NA
"13721","DZA","Algeria",1946,2014,"1946–2014",69,0,1,"Africa",0,2014-10-10,NA,NA,NA,68,NA
"13721","DZA","Algeria",2015,2015,"2015–2015",1,1,2,"Africa",1,2014-10-10,2015-05-20,2015-05-20,0,0,7.32258064516129
"13721","DZA","Algeria",2016,2019,"2016–2019",4,0,3,"Africa",0,2014-10-10,NA,NA,NA,3,NA
"13809","SYR","Syria",1946,2015,"1946–2015",70,0,1,"Middle East",0,2015-12-06,NA,NA,NA,69,NA
"13809","SYR","Syria",2016,2018,"2016–2018",3,1,2,"Middle East",1,2015-12-06,2016-04-23,2018-09-29,29.2,2,33.7666666666667
"13809","SYR","Syria",2019,2019,"2019–2019",1,0,3,"Middle East",0,2015-12-06,NA,NA,NA,0,NA
"13840","BFA","Burkina Faso",1946,2018,"1946–2018",73,0,1,"Africa",0,2017-10-23,NA,NA,NA,72,NA
"13840","BFA","Burkina Faso",2019,2019,"2019–2019",1,1,2,"Africa",1,2017-10-23,2019-08-19,NA,NA,0,NA
"13886","JOR","Jordan",1946,2015,"1946–2015",70,0,1,"Middle East",0,2016-03-02,NA,NA,NA,69,NA
"13886","JOR","Jordan",2016,2016,"2016–2016",1,1,2,"Middle East",1,2016-03-02,2016-12-18,2016-12-29,0.354838709677419,0,9.87096774193548
"13886","JOR","Jordan",2017,2019,"2017–2019",3,0,3,"Middle East",0,2016-03-02,NA,NA,NA,2,NA
"13902","TUR","Turkey",1946,2014,"1946–2014",69,0,1,"Middle East",0,2015-07-23,NA,NA,NA,68,NA
"13902","TUR","Turkey",2015,2017,"2015–2017",3,1,2,"Middle East",2,2015-07-23,2015-11-14,2017-09-06,21.741935483871,2,25.4516129032258
"13902","TUR","Turkey",2018,2019,"2018–2019",2,0,3,"Middle East",0,2015-07-23,NA,NA,NA,1,NA
"13936","PAK","Pakistan",1946,2015,"1946–2015",70,0,1,"Asia",0,2016-02-12,NA,NA,NA,69,NA
"13936","PAK","Pakistan",2016,2019,"2016–2019",4,1,2,"Asia",1,2016-02-12,2016-10-24,NA,NA,3,NA
"14074","SOM","Somalia",1946,2017,"1946–2017",72,0,1,"Africa",0,2016-07-18,NA,NA,NA,71,NA
"14074","SOM","Somalia",2018,2018,"2018–2018",1,1,2,"Africa",1,2016-07-18,2018-05-15,2018-11-05,5.67741935483871,0,27.5806451612903
"14074","SOM","Somalia",2019,2019,"2019–2019",1,0,3,"Africa",0,2016-07-18,NA,NA,NA,0,NA
"14113","MLI","Mali",1946,2016,"1946–2016",71,0,1,"Africa",0,2017-02-04,NA,NA,NA,70,NA
"14113","MLI","Mali",2017,2019,"2017–2019",3,1,2,"Africa",1,2017-02-04,2017-07-09,NA,NA,2,NA
"14129","CMR","Cameroon",1946,2016,"1946–2016",71,0,1,"Africa",0,2017-09-16,NA,NA,NA,70,NA
"14129","CMR","Cameroon",2017,2019,"2017–2019",3,1,2,"Africa",1,2017-09-16,2017-12-08,NA,NA,2,NA
"14197","SOM","Somalia",1946,2018,"1946–2018",73,0,1,"Africa",0,2018-02-08,NA,NA,NA,72,NA
"14197","SOM","Somalia",2019,2019,"2019–2019",1,1,2,"Africa",1,2018-02-08,2019-06-04,NA,NA,0,NA
"14268","IRN","Iran",1946,2016,"1946–2016",71,0,1,"Middle East",0,2016-08-15,NA,NA,NA,70,NA
"14268","IRN","Iran",2017,2017,"2017–2017",1,1,2,"Middle East",1,2016-08-15,2017-06-11,2017-06-11,0,0,9.87096774193548
"14268","IRN","Iran",2018,2019,"2018–2019",2,0,3,"Middle East",0,2016-08-15,NA,NA,NA,1,NA
"14275","PHL","Philippines",1946,2015,"1946–2015",70,0,1,"Asia",0,2016-06-01,NA,NA,NA,69,NA
"14275","PHL","Philippines",2016,2019,"2016–2019",4,1,2,"Asia",2,2016-06-01,2016-06-01,NA,NA,3,NA
"14333","TUN","Tunisia",1946,2015,"1946–2015",70,0,1,"Africa",0,2015-03-18,NA,NA,NA,69,NA
"14333","TUN","Tunisia",2016,2016,"2016–2016",1,1,2,"Africa",1,2015-03-18,2016-03-07,2016-11-09,8.06666666666667,0,19.7096774193548
"14333","TUN","Tunisia",2017,2019,"2017–2019",3,0,3,"Africa",0,2015-03-18,NA,NA,NA,2,NA
"14845","MOZ","Mozambique",1946,2018,"1946–2018",73,0,1,"Africa",0,2019-06-04,NA,NA,NA,72,NA
"14845","MOZ","Mozambique",2019,2019,"2019–2019",1,1,2,"Africa",1,2019-06-04,2019-11-16,NA,NA,0,NA
"14935","ETH","Ethiopia",1946,2018,"1946–2018",73,0,1,"Africa",0,2019-06-22,NA,NA,NA,72,NA
"14935","ETH","Ethiopia",2019,2019,"2019–2019",1,1,2,"Africa",1,2019-06-22,2019-06-22,NA,NA,0,NA
"200","BOL","Bolivia",1946,1946,"1946–1946",1,1,1,"Americas",2,1946-07-18,1946-07-21,1946-07-21,0,0,0.0967741935483871
"200","BOL","Bolivia",1947,1951,"1947–1951",5,0,2,"Americas",0,1946-07-18,NA,NA,NA,4,NA
"200","BOL","Bolivia",1952,1952,"1952–1952",1,1,3,"Americas",1,1946-07-18,1952-04-09,1952-04-12,0.1,0,68.8064516129032
"200","BOL","Bolivia",1953,1966,"1953–1966",14,0,4,"Americas",0,1946-07-18,NA,NA,NA,13,NA
"200","BOL","Bolivia",1967,1967,"1967–1967",1,1,5,"Americas",1,1946-07-18,1967-03-31,1967-10-16,6.51612903225806,0,254.933333333333
"200","BOL","Bolivia",1968,2019,"1968–2019",52,0,6,"Americas",0,1946-07-18,NA,NA,NA,51,NA
"202","CHN","China",1946,1949,"1946–1949",4,1,1,"Asia",2,1946-12-31,1946-12-31,1949-12-08,35.258064516129,3,35.258064516129
"202","CHN","China",1950,2019,"1950–2019",70,0,2,"Asia",0,1946-12-31,NA,NA,NA,69,NA
"203","GRC","Greece",1946,1949,"1946–1949",4,1,1,"Europe",2,1946-03-31,1946-03-31,1949-10-16,42.5161290322581,3,42.5161290322581
"203","GRC","Greece",1950,2019,"1950–2019",70,0,2,"Europe",0,1946-03-31,NA,NA,NA,69,NA
"205","IRN","Iran",1946,1946,"1946–1946",1,1,1,"Middle East",1,1946-05-31,1946-05-31,1946-12-16,6.51612903225806,0,6.51612903225806
"205","IRN","Iran",1947,1965,"1947–1965",19,0,2,"Middle East",0,1946-05-31,NA,NA,NA,18,NA
"205","IRN","Iran",1966,1968,"1966–1968",3,1,3,"Middle East",1,1946-05-31,1966-12-31,1968-12-31,24,2,271
"205","IRN","Iran",1969,1978,"1969–1978",10,0,4,"Middle East",0,1946-05-31,NA,NA,NA,9,NA
"205","IRN","Iran",1979,1990,"1979–1990",12,1,5,"Middle East",2,1946-05-31,1979-12-31,1990-08-17,127.548387096774,11,530.548387096774
"205","IRN","Iran",1991,1992,"1991–1992",2,0,6,"Middle East",0,1946-05-31,NA,NA,NA,1,NA
"205","IRN","Iran",1993,1993,"1993–1993",1,1,7,"Middle East",1,1946-05-31,1993-09-12,1993-11-11,1.96774193548387,0,569.366666666667
"205","IRN","Iran",1994,1995,"1994–1995",2,0,8,"Middle East",0,1946-05-31,NA,NA,NA,1,NA
"205","IRN","Iran",1996,1996,"1996–1996",1,1,9,"Middle East",1,1946-05-31,1996-07-28,1996-07-28,0,0,601.903225806452
"205","IRN","Iran",1997,2015,"1997–2015",19,0,10,"Middle East",0,1946-05-31,NA,NA,NA,18,NA
"205","IRN","Iran",2016,2018,"2016–2018",3,1,11,"Middle East",1,1946-05-31,2016-09-07,2018-10-12,25.1612903225806,2,868.387096774194
"205","IRN","Iran",2019,2019,"2019–2019",1,0,12,"Middle East",0,1946-05-31,NA,NA,NA,0,NA
"206","IRN","Iran",1946,1946,"1946–1946",1,1,1,"Middle East",1,1945-11-19,1946-12-16,1946-12-16,0,0,12.9
"206","IRN","Iran",1947,2019,"1947–2019",73,0,2,"Middle East",0,1945-11-19,NA,NA,NA,72,NA
"209","PHL","Philippines",1946,1954,"1946–1954",9,1,1,"Asia",2,1946-07-31,1946-07-31,1954-12-31,101,8,101
"209","PHL","Philippines",1955,1968,"1955–1968",14,0,2,"Asia",0,1946-07-31,NA,NA,NA,13,NA
"209","PHL","Philippines",1969,2019,"1969–2019",51,1,3,"Asia",2,1946-07-31,1969-09-30,1997-12-30,339,50,616.967741935484
"210","EST","Estonia",1946,1948,"1946–1948",3,1,1,"Europe",1,1944-12-31,1946-12-31,1948-12-31,24,2,48
"210","EST","Estonia",1949,2019,"1949–2019",71,0,2,"Europe",0,1944-12-31,NA,NA,NA,70,NA
"211","LVA","Latvia",1946,1946,"1946–1946",1,1,1,"Europe",1,1945-12-31,1946-12-31,1946-12-31,0,0,12
"211","LVA","Latvia",1947,2019,"1947–2019",73,0,2,"Europe",0,1945-12-31,NA,NA,NA,72,NA
"212","LTU","Lithuania",1946,1948,"1946–1948",3,1,1,"Europe",2,1946-06-30,1946-06-30,1948-12-31,30.0322580645161,2,30.0322580645161
"212","LTU","Lithuania",1949,2019,"1949–2019",71,0,2,"Europe",0,1946-06-30,NA,NA,NA,70,NA
"213","UKR","Ukraine",1946,1950,"1946–1950",5,1,1,"Europe",2,1941-12-31,1946-12-31,1950-12-31,48,4,108
"213","UKR","Ukraine",1951,2019,"1951–2019",69,0,2,"Europe",0,1941-12-31,NA,NA,NA,68,NA
"217","CHN","China",1946,1946,"1946–1946",1,0,1,"Asia",0,1947-02-28,NA,NA,NA,0,NA
"217","CHN","China",1947,1947,"1947–1947",1,1,2,"Asia",2,1947-02-28,1947-02-28,1947-03-24,0.857142857142857,0,0.857142857142857
"217","CHN","China",1948,2019,"1948–2019",72,0,3,"Asia",0,1947-02-28,NA,NA,NA,71,NA
"220","PRY","Paraguay",1946,1946,"1946–1946",1,0,1,"Americas",0,1947-03-07,NA,NA,NA,0,NA
"220","PRY","Paraguay",1947,1947,"1947–1947",1,1,2,"Americas",2,1947-03-07,1947-03-31,1947-08-21,4.67741935483871,0,5.45161290322581
"220","PRY","Paraguay",1948,1953,"1948–1953",6,0,3,"Americas",0,1947-03-07,NA,NA,NA,5,NA
"220","PRY","Paraguay",1954,1954,"1954–1954",1,1,4,"Americas",1,1947-03-07,1954-05-05,1954-05-05,0,0,85.9333333333333
"220","PRY","Paraguay",1955,1988,"1955–1988",34,0,5,"Americas",0,1947-03-07,NA,NA,NA,33,NA
"220","PRY","Paraguay",1989,1989,"1989–1989",1,1,6,"Americas",1,1947-03-07,1989-02-03,1989-02-03,0,0,502.870967741935
"220","PRY","Paraguay",1990,2019,"1990–2019",30,0,7,"Americas",0,1947-03-07,NA,NA,NA,29,NA
"221","MMR","Myanmar (Burma)",1946,1948,"1946–1948",3,0,1,"Asia",0,1948-12-31,NA,NA,NA,2,NA
"221","MMR","Myanmar (Burma)",1949,2013,"1949–2013",65,1,2,"Asia",2,1948-12-31,1949-01-15,2013-04-29,771.466666666667,64,771.966666666667
"221","MMR","Myanmar (Burma)",2014,2019,"2014–2019",6,0,3,"Asia",0,1948-12-31,NA,NA,NA,5,NA
"222","MMR","Myanmar (Burma)",1946,1947,"1946–1947",2,0,1,"Asia",0,1948-02-29,NA,NA,NA,1,NA
"222","MMR","Myanmar (Burma)",1948,1994,"1948–1994",47,1,2,"Asia",2,1948-02-29,1948-02-29,1994-12-31,562.064516129032,46,562.064516129032
"222","MMR","Myanmar (Burma)",1995,2012,"1995–2012",18,0,3,"Asia",0,1948-02-29,NA,NA,NA,17,NA
"222","MMR","Myanmar (Burma)",2013,2019,"2013–2019",7,1,4,"Asia",1,1948-02-29,2013-11-15,2015-11-13,23.9354838709677,6,812.483870967742
"223","MMR","Myanmar (Burma)",1946,1947,"1946–1947",2,0,1,"Asia",0,1948-01-31,NA,NA,NA,1,NA
"223","MMR","Myanmar (Burma)",1948,1961,"1948–1961",14,1,2,"Asia",1,1948-01-31,1948-01-31,1961-11-15,165.5,13,165.5
"223","MMR","Myanmar (Burma)",1962,1963,"1962–1963",2,0,3,"Asia",0,1948-01-31,NA,NA,NA,1,NA
"223","MMR","Myanmar (Burma)",1964,1978,"1964–1978",15,1,4,"Asia",1,1948-01-31,1964-12-31,1978-12-31,168,14,371
"223","MMR","Myanmar (Burma)",1979,1990,"1979–1990",12,0,5,"Asia",0,1948-01-31,NA,NA,NA,11,NA
"223","MMR","Myanmar (Burma)",1991,1991,"1991–1991",1,1,6,"Asia",1,1948-01-31,1991-12-29,1991-12-29,0,0,526.935483870968
"223","MMR","Myanmar (Burma)",1992,1993,"1992–1993",2,0,7,"Asia",0,1948-01-31,NA,NA,NA,1,NA
"223","MMR","Myanmar (Burma)",1994,1994,"1994–1994",1,1,8,"Asia",1,1948-01-31,1994-05-15,1994-06-23,1.26666666666667,0,556.766666666667
"223","MMR","Myanmar (Burma)",1995,2015,"1995–2015",21,0,9,"Asia",0,1948-01-31,NA,NA,NA,20,NA
"223","MMR","Myanmar (Burma)",2016,2019,"2016–2019",4,1,10,"Asia",1,1948-01-31,2016-10-11,NA,NA,3,NA
"224","MMR","Myanmar (Burma)",1946,1948,"1946–1948",3,0,1,"Asia",0,1948-12-31,NA,NA,NA,2,NA
"224","MMR","Myanmar (Burma)",1949,1963,"1949–1963",15,1,2,"Asia",1,1948-12-31,1949-02-28,1963-12-31,178.096774193548,14,180
"224","MMR","Myanmar (Burma)",1964,1989,"1964–1989",26,0,3,"Asia",0,1948-12-31,NA,NA,NA,25,NA
"224","MMR","Myanmar (Burma)",1990,1990,"1990–1990",1,1,4,"Asia",1,1948-12-31,1990-02-13,1990-03-22,1.29032258064516,0,494.709677419355
"224","MMR","Myanmar (Burma)",1991,1995,"1991–1995",5,0,5,"Asia",0,1948-12-31,NA,NA,NA,4,NA
"224","MMR","Myanmar (Burma)",1996,1996,"1996–1996",1,1,6,"Asia",1,1948-12-31,1996-12-23,1996-12-23,0,0,575.741935483871
"224","MMR","Myanmar (Burma)",1997,2019,"1997–2019",23,0,7,"Asia",0,1948-12-31,NA,NA,NA,22,NA
"225","CRI","Costa Rica",1946,1947,"1946–1947",2,0,1,"Americas",0,1948-03-03,NA,NA,NA,1,NA
"225","CRI","Costa Rica",1948,1948,"1948–1948",1,1,2,"Americas",2,1948-03-03,1948-03-03,1948-04-20,1.56666666666667,0,1.56666666666667
"225","CRI","Costa Rica",1949,2019,"1949–2019",71,0,3,"Americas",0,1948-03-03,NA,NA,NA,70,NA
"227","IND","India",1946,1947,"1946–1947",2,0,1,"Asia",0,1948-05-01,NA,NA,NA,1,NA
"227","IND","India",1948,1951,"1948–1951",4,1,2,"Asia",2,1948-05-01,1948-09-18,1951-12-31,39.4193548387097,3,43.9677419354839
"227","IND","India",1952,1968,"1952–1968",17,0,3,"Asia",0,1948-05-01,NA,NA,NA,16,NA
"227","IND","India",1969,1971,"1969–1971",3,1,4,"Asia",1,1948-05-01,1969-12-31,1971-12-31,24,2,283.967741935484
"227","IND","India",1972,1990,"1972–1990",19,0,5,"Asia",0,1948-05-01,NA,NA,NA,18,NA
"227","IND","India",1991,2019,"1991–2019",29,1,6,"Asia",1,1948-05-01,1991-07-16,1994-12-02,40.5333333333333,28,559.032258064516
"230","YAR","North Yemen",1946,1947,"1946–1947",2,0,1,"Middle East",0,1948-03-15,NA,NA,NA,1,NA
"230","YAR","North Yemen",1948,1948,"1948–1948",1,1,2,"Middle East",2,1948-03-15,1948-03-15,1948-03-15,0,0,0
"230","YAR","North Yemen",1949,1961,"1949–1961",13,0,3,"Middle East",0,1948-03-15,NA,NA,NA,12,NA
"230","YAR","North Yemen",1962,1970,"1962–1970",9,1,4,"Middle East",2,1948-03-15,1962-10-31,1970-05-23,90.741935483871,8,266.258064516129
"230","YAR","North Yemen",1971,1978,"1971–1978",8,0,5,"Middle East",0,1948-03-15,NA,NA,NA,7,NA
"230","YAR","North Yemen",1979,1982,"1979–1982",4,1,6,"Middle East",1,1948-03-15,1979-03-31,1982-05-31,38,3,410.516129032258
"230","YAR","North Yemen",1983,2008,"1983–2008",26,0,7,"Middle East",0,1948-03-15,NA,NA,NA,25,NA
"230","YAR","North Yemen",2009,2019,"2009–2019",11,1,8,"Middle East",2,1948-03-15,2009-12-17,NA,NA,10,NA
"231","MMR","Myanmar (Burma)",1946,1948,"1946–1948",3,0,1,"Asia",0,1949-12-31,NA,NA,NA,2,NA
"231","MMR","Myanmar (Burma)",1949,1950,"1949–1950",2,1,2,"Asia",1,1949-12-31,1949-12-31,1950-05-05,4.16129032258065,1,4.16129032258065
"231","MMR","Myanmar (Burma)",1951,1960,"1951–1960",10,0,3,"Asia",0,1949-12-31,NA,NA,NA,9,NA
"231","MMR","Myanmar (Burma)",1961,1992,"1961–1992",32,1,4,"Asia",2,1949-12-31,1961-02-28,1992-12-31,382.096774193548,31,516
"231","MMR","Myanmar (Burma)",1993,2010,"1993–2010",18,0,5,"Asia",0,1949-12-31,NA,NA,NA,17,NA
"231","MMR","Myanmar (Burma)",2011,2019,"2011–2019",9,1,6,"Asia",1,1949-12-31,2011-06-27,NA,NA,8,NA
"233","GTM","Guatemala",1946,1948,"1946–1948",3,0,1,"Americas",0,1949-07-18,NA,NA,NA,2,NA
"233","GTM","Guatemala",1949,1949,"1949–1949",1,1,2,"Americas",1,1949-07-18,1949-07-18,1949-07-19,0.032258064516129,0,0.032258064516129
"233","GTM","Guatemala",1950,1953,"1950–1953",4,0,3,"Americas",0,1949-07-18,NA,NA,NA,3,NA
"233","GTM","Guatemala",1954,1954,"1954–1954",1,1,4,"Americas",1,1949-07-18,1954-06-18,1954-06-27,0.3,0,59.3
"233","GTM","Guatemala",1955,1962,"1955–1962",8,0,5,"Americas",0,1949-07-18,NA,NA,NA,7,NA
"233","GTM","Guatemala",1963,1995,"1963–1995",33,1,6,"Americas",1,1949-07-18,1963-07-31,1995-12-31,389,32,557.41935483871
"233","GTM","Guatemala",1996,2019,"1996–2019",24,0,7,"Americas",0,1949-07-18,NA,NA,NA,23,NA
"234","ISR","Israel",1946,1948,"1946–1948",3,0,1,"Middle East",0,1948-05-15,NA,NA,NA,2,NA
"234","ISR","Israel",1949,1996,"1949–1996",48,1,2,"Middle East",2,1948-05-15,1949-12-31,1996-09-30,561,47,580.5
"234","ISR","Israel",1997,1999,"1997–1999",3,0,3,"Middle East",0,1948-05-15,NA,NA,NA,2,NA
"234","ISR","Israel",2000,2014,"2000–2014",15,1,4,"Middle East",2,1948-05-15,2000-10-01,2014-12-24,170.741935483871,14,799.290322580645
"234","ISR","Israel",2015,2017,"2015–2017",3,0,5,"Middle East",0,1948-05-15,NA,NA,NA,2,NA
"234","ISR","Israel",2018,2019,"2018–2019",2,1,6,"Middle East",1,1948-05-15,2018-05-27,NA,NA,1,NA
"236","CHN","China",1946,1949,"1946–1949",4,0,1,"Asia",0,1950-10-07,NA,NA,NA,3,NA
"236","CHN","China",1950,1950,"1950–1950",1,1,2,"Asia",1,1950-10-07,1950-10-07,1950-10-09,0.0645161290322581,0,0.0645161290322581
"236","CHN","China",1951,1955,"1951–1955",5,0,3,"Asia",0,1950-10-07,NA,NA,NA,4,NA
"236","CHN","China",1956,1956,"1956–1956",1,1,4,"Asia",2,1950-10-07,1956-05-31,1956-12-31,7,0,74.7741935483871
"236","CHN","China",1957,1958,"1957–1958",2,0,5,"Asia",0,1950-10-07,NA,NA,NA,1,NA
"236","CHN","China",1959,1959,"1959–1959",1,1,6,"Asia",2,1950-10-07,1959-03-10,1959-04-23,1.43333333333333,0,102.533333333333
"236","CHN","China",1960,2019,"1960–2019",60,0,7,"Asia",0,1950-10-07,NA,NA,NA,59,NA
"237","IDN","Indonesia",1946,1949,"1946–1949",4,0,1,"Asia",0,1950-08-05,NA,NA,NA,3,NA
"237","IDN","Indonesia",1950,1950,"1950–1950",1,1,2,"Asia",2,1950-08-05,1950-08-05,1950-11-15,3.33333333333333,0,3.33333333333333
"237","IDN","Indonesia",1951,2019,"1951–2019",69,0,3,"Asia",0,1950-08-05,NA,NA,NA,68,NA
"240","THA","Thailand",1946,1950,"1946–1950",5,0,1,"Asia",0,1951-06-30,NA,NA,NA,4,NA
"240","THA","Thailand",1951,1951,"1951–1951",1,1,2,"Asia",1,1951-06-30,1951-06-30,1951-07-01,0.0333333333333333,0,0.0333333333333333
"240","THA","Thailand",1952,1973,"1952–1973",22,0,3,"Asia",0,1951-06-30,NA,NA,NA,21,NA
"240","THA","Thailand",1974,1982,"1974–1982",9,1,4,"Asia",1,1951-06-30,1974-10-31,1982-12-31,98,8,378.032258064516
"240","THA","Thailand",1983,2019,"1983–2019",37,0,5,"Asia",0,1951-06-30,NA,NA,NA,36,NA
"242","CUB","Cuba",1946,1952,"1946–1952",7,0,1,"Americas",0,1953-07-26,NA,NA,NA,6,NA
"242","CUB","Cuba",1953,1953,"1953–1953",1,1,2,"Americas",1,1953-07-26,1953-07-26,1953-07-27,0.032258064516129,0,0.032258064516129
"242","CUB","Cuba",1954,1955,"1954–1955",2,0,3,"Americas",0,1953-07-26,NA,NA,NA,1,NA
"242","CUB","Cuba",1956,1958,"1956–1958",3,1,4,"Americas",2,1953-07-26,1956-12-05,1958-12-31,24.8387096774194,2,65.1612903225806
"242","CUB","Cuba",1959,1960,"1959–1960",2,0,5,"Americas",0,1953-07-26,NA,NA,NA,1,NA
"242","CUB","Cuba",1961,1961,"1961–1961",1,1,6,"Americas",1,1953-07-26,1961-04-17,1961-04-20,0.1,0,92.8064516129032
"242","CUB","Cuba",1962,2019,"1962–2019",58,0,7,"Americas",0,1953-07-26,NA,NA,NA,57,NA
"243","IDN","Indonesia",1946,1952,"1946–1952",7,0,1,"Asia",0,1953-12-31,NA,NA,NA,6,NA
"243","IDN","Indonesia",1953,1953,"1953–1953",1,1,2,"Asia",2,1953-12-31,1953-12-31,1953-12-31,0,0,0
"243","IDN","Indonesia",1954,1957,"1954–1957",4,0,3,"Asia",0,1953-12-31,NA,NA,NA,3,NA
"243","IDN","Indonesia",1958,1961,"1958–1961",4,1,4,"Asia",2,1953-12-31,1958-04-17,1961-12-31,44.4516129032258,3,96
"243","IDN","Indonesia",1962,2019,"1962–2019",58,0,5,"Asia",0,1953-12-31,NA,NA,NA,57,NA
"247","ARG","Argentina",1946,1954,"1946–1954",9,0,1,"Americas",0,1955-06-16,NA,NA,NA,8,NA
"247","ARG","Argentina",1955,1955,"1955–1955",1,1,2,"Americas",1,1955-06-16,1955-06-16,1955-09-19,3.1,0,3.1
"247","ARG","Argentina",1956,1962,"1956–1962",7,0,3,"Americas",0,1955-06-16,NA,NA,NA,6,NA
"247","ARG","Argentina",1963,1963,"1963–1963",1,1,4,"Americas",1,1955-06-16,1963-04-02,1963-09-22,5.66666666666667,0,99.2
"247","ARG","Argentina",1964,1973,"1964–1973",10,0,5,"Americas",0,1955-06-16,NA,NA,NA,9,NA
"247","ARG","Argentina",1974,1977,"1974–1977",4,1,6,"Americas",1,1955-06-16,1974-08-11,1977-12-31,40.6451612903226,3,270.483870967742
"247","ARG","Argentina",1978,2019,"1978–2019",42,0,7,"Americas",0,1955-06-16,NA,NA,NA,41,NA
"249","RVN","South Vietnam",1946,1954,"1946–1954",9,0,1,"Asia",0,1955-04-30,NA,NA,NA,8,NA
"249","RVN","South Vietnam",1955,1964,"1955–1964",10,1,2,"Asia",2,1955-04-30,1955-04-30,1964-12-31,116.032258064516,9,116.032258064516
"249","RVN","South Vietnam",1965,2019,"1965–2019",55,0,3,"Asia",0,1955-04-30,NA,NA,NA,54,NA
"251","IND","India",1946,1955,"1946–1955",10,0,1,"Asia",0,1955-07-20,NA,NA,NA,9,NA
"251","IND","India",1956,1968,"1956–1968",13,1,2,"Asia",1,1955-07-20,1956-12-31,1968-06-15,137.5,12,154.838709677419
"251","IND","India",1969,1991,"1969–1991",23,0,3,"Asia",0,1955-07-20,NA,NA,NA,22,NA
"251","IND","India",1992,1997,"1992–1997",6,1,4,"Asia",1,1955-07-20,1992-08-05,1997-07-22,59.5483870967742,5,504.064516129032
"251","IND","India",1998,1999,"1998–1999",2,0,5,"Asia",0,1955-07-20,NA,NA,NA,1,NA
"251","IND","India",2000,2000,"2000–2000",1,1,6,"Asia",1,1955-07-20,2000-09-13,2000-09-13,0,0,541.774193548387
"251","IND","India",2001,2019,"2001–2019",19,0,7,"Asia",0,1955-07-20,NA,NA,NA,18,NA
"253","MMR","Myanmar (Burma)",1946,1956,"1946–1956",11,0,1,"Asia",0,1957-12-31,NA,NA,NA,10,NA
"253","MMR","Myanmar (Burma)",1957,1957,"1957–1957",1,1,2,"Asia",1,1957-12-31,1957-12-31,1957-12-31,0,0,0
"253","MMR","Myanmar (Burma)",1958,1986,"1958–1986",29,0,3,"Asia",0,1957-12-31,NA,NA,NA,28,NA
"253","MMR","Myanmar (Burma)",1987,1987,"1987–1987",1,1,4,"Asia",1,1957-12-31,1987-12-31,1987-12-31,0,0,360
"253","MMR","Myanmar (Burma)",1988,1991,"1988–1991",4,0,5,"Asia",0,1957-12-31,NA,NA,NA,3,NA
"253","MMR","Myanmar (Burma)",1992,1992,"1992–1992",1,1,6,"Asia",1,1957-12-31,1992-09-22,1992-11-06,1.48387096774194,0,418.2
"253","MMR","Myanmar (Burma)",1993,1995,"1993–1995",3,0,7,"Asia",0,1957-12-31,NA,NA,NA,2,NA
"253","MMR","Myanmar (Burma)",1996,1996,"1996–1996",1,1,8,"Asia",1,1957-12-31,1996-03-06,1996-10-06,7,0,465.193548387097
"253","MMR","Myanmar (Burma)",1997,2004,"1997–2004",8,0,9,"Asia",0,1957-12-31,NA,NA,NA,7,NA
"253","MMR","Myanmar (Burma)",2005,2005,"2005–2005",1,1,10,"Asia",1,1957-12-31,2005-01-16,2005-01-25,0.290322580645161,0,564.806451612903
"253","MMR","Myanmar (Burma)",2006,2019,"2006–2019",14,0,11,"Asia",0,1957-12-31,NA,NA,NA,13,NA
"258","OMN","Oman",1946,1956,"1946–1956",11,0,1,"Middle East",0,1957-07-31,NA,NA,NA,10,NA
"258","OMN","Oman",1957,1957,"1957–1957",1,1,2,"Middle East",1,1957-07-31,1957-07-31,1957-08-26,0.838709677419355,0,0.838709677419355
"258","OMN","Oman",1958,2019,"1958–2019",62,0,3,"Middle East",0,1957-07-31,NA,NA,NA,61,NA
"259","IRQ","Iraq",1946,1957,"1946–1957",12,0,1,"Middle East",0,1958-07-14,NA,NA,NA,11,NA
"259","IRQ","Iraq",1958,1959,"1958–1959",2,1,2,"Middle East",1,1958-07-14,1958-07-14,1959-03-10,7.85714285714286,1,7.85714285714286
"259","IRQ","Iraq",1960,1962,"1960–1962",3,0,3,"Middle East",0,1958-07-14,NA,NA,NA,2,NA
"259","IRQ","Iraq",1963,1963,"1963–1963",1,1,4,"Middle East",2,1958-07-14,1963-02-08,1963-11-20,9.4,0,64.2
"259","IRQ","Iraq",1964,1981,"1964–1981",18,0,5,"Middle East",0,1958-07-14,NA,NA,NA,17,NA
"259","IRQ","Iraq",1982,1984,"1982–1984",3,1,6,"Middle East",1,1958-07-14,1982-08-01,1984-12-31,28.9677419354839,2,317.548387096774
"259","IRQ","Iraq",1985,1986,"1985–1986",2,0,7,"Middle East",0,1958-07-14,NA,NA,NA,1,NA
"259","IRQ","Iraq",1987,1987,"1987–1987",1,1,8,"Middle East",1,1958-07-14,1987-12-31,1987-12-31,0,0,353.548387096774
"259","IRQ","Iraq",1988,1990,"1988–1990",3,0,9,"Middle East",0,1958-07-14,NA,NA,NA,2,NA
"259","IRQ","Iraq",1991,1996,"1991–1996",6,1,10,"Middle East",1,1958-07-14,1991-04-24,1996-10-25,66.0322580645161,5,459.354838709677
"259","IRQ","Iraq",1997,2003,"1997–2003",7,0,11,"Middle East",0,1958-07-14,NA,NA,NA,6,NA
"259","IRQ","Iraq",2004,2019,"2004–2019",16,1,12,"Middle East",2,1958-07-14,2004-01-18,NA,NA,15,NA
"260","LBN","Lebanon",1946,1957,"1946–1957",12,0,1,"Middle East",0,1958-05-15,NA,NA,NA,11,NA
"260","LBN","Lebanon",1958,1958,"1958–1958",1,1,2,"Middle East",2,1958-05-15,1958-05-15,1958-07-31,2.51612903225806,0,2.51612903225806
"260","LBN","Lebanon",1959,1974,"1959–1974",16,0,3,"Middle East",0,1958-05-15,NA,NA,NA,15,NA
"260","LBN","Lebanon",1975,1976,"1975–1976",2,1,4,"Middle East",2,1958-05-15,1975-09-09,1976-10-21,13.3870967741935,1,221.193548387097
"260","LBN","Lebanon",1977,1981,"1977–1981",5,0,5,"Middle East",0,1958-05-15,NA,NA,NA,4,NA
"260","LBN","Lebanon",1982,1986,"1982–1986",5,1,6,"Middle East",2,1958-05-15,1982-09-01,1986-12-31,51.9677419354839,4,343.516129032258
"260","LBN","Lebanon",1987,1988,"1987–1988",2,0,7,"Middle East",0,1958-05-15,NA,NA,NA,1,NA
"260","LBN","Lebanon",1989,1990,"1989–1990",2,1,8,"Middle East",1,1958-05-15,1989-03-14,1990-10-13,18.9666666666667,1,388.933333333333
"260","LBN","Lebanon",1991,2019,"1991–2019",29,0,9,"Middle East",0,1958-05-15,NA,NA,NA,28,NA
"261","MYS","Malaysia",1946,1957,"1946–1957",12,0,1,"Asia",0,1957-12-31,NA,NA,NA,11,NA
"261","MYS","Malaysia",1958,1960,"1958–1960",3,1,2,"Asia",1,1957-12-31,1958-12-31,1960-07-31,19,2,31
"261","MYS","Malaysia",1961,1973,"1961–1973",13,0,3,"Asia",0,1957-12-31,NA,NA,NA,12,NA
"261","MYS","Malaysia",1974,1975,"1974–1975",2,1,4,"Asia",1,1957-12-31,1974-01-15,1975-12-31,23.5161290322581,1,216
"261","MYS","Malaysia",1976,1980,"1976–1980",5,0,5,"Asia",0,1957-12-31,NA,NA,NA,4,NA
"261","MYS","Malaysia",1981,1981,"1981–1981",1,1,6,"Asia",1,1957-12-31,1981-12-31,1981-12-31,0,0,288
"261","MYS","Malaysia",1982,2019,"1982–2019",38,0,7,"Asia",0,1957-12-31,NA,NA,NA,37,NA
"262","LAO","Laos",1946,1958,"1946–1958",13,0,1,"Asia",0,1959-11-12,NA,NA,NA,12,NA
"262","LAO","Laos",1959,1973,"1959–1973",15,1,2,"Asia",2,1959-11-12,1959-11-12,1973-09-14,166.066666666667,14,166.066666666667
"262","LAO","Laos",1974,1988,"1974–1988",15,0,3,"Asia",0,1959-11-12,NA,NA,NA,14,NA
"262","LAO","Laos",1989,1990,"1989–1990",2,1,4,"Asia",1,1959-11-12,1989-08-25,1990-04-10,7.51612903225806,1,364.935483870968
"262","LAO","Laos",1991,2019,"1991–2019",29,0,5,"Asia",0,1959-11-12,NA,NA,NA,28,NA
"264","MMR","Myanmar (Burma)",1946,1958,"1946–1958",13,0,1,"Asia",0,1959-11-22,NA,NA,NA,12,NA
"264","MMR","Myanmar (Burma)",1959,1973,"1959–1973",15,1,2,"Asia",2,1959-11-22,1959-11-22,1973-12-31,169.290322580645,14,169.290322580645
"264","MMR","Myanmar (Burma)",1974,1975,"1974–1975",2,0,3,"Asia",0,1959-11-22,NA,NA,NA,1,NA
"264","MMR","Myanmar (Burma)",1976,1988,"1976–1988",13,1,4,"Asia",1,1959-11-22,1976-08-31,1988-12-31,148,12,349.290322580645
"264","MMR","Myanmar (Burma)",1989,1992,"1989–1992",4,0,5,"Asia",0,1959-11-22,NA,NA,NA,3,NA
"264","MMR","Myanmar (Burma)",1993,2002,"1993–2002",10,1,6,"Asia",1,1959-11-22,1993-07-16,2002-09-24,110.266666666667,9,514.066666666667
"264","MMR","Myanmar (Burma)",2003,2004,"2003–2004",2,0,7,"Asia",0,1959-11-22,NA,NA,NA,1,NA
"264","MMR","Myanmar (Burma)",2005,2015,"2005–2015",11,1,8,"Asia",1,1959-11-22,2005-12-27,2015-11-30,119.1,10,672.266666666667
"264","MMR","Myanmar (Burma)",2016,2019,"2016–2019",4,0,9,"Asia",0,1959-11-22,NA,NA,NA,3,NA
"265","COD","Congo - Kinshasa",1946,1960,"1946–1960",15,0,1,"Africa",0,1961-10-27,NA,NA,NA,14,NA
"265","COD","Congo - Kinshasa",1961,1962,"1961–1962",2,1,2,"Africa",1,1961-10-27,1961-11-12,1962-12-28,13.5161290322581,1,14.0322580645161
"265","COD","Congo - Kinshasa",1963,2012,"1963–2012",50,0,3,"Africa",0,1961-10-27,NA,NA,NA,49,NA
"265","COD","Congo - Kinshasa",2013,2014,"2013–2014",2,1,4,"Africa",1,1961-10-27,2013-03-18,2014-11-05,19.5806451612903,1,636.290322580645
"265","COD","Congo - Kinshasa",2015,2019,"2015–2019",5,0,5,"Africa",0,1961-10-27,NA,NA,NA,4,NA
"266","COD","Congo - Kinshasa",1946,1959,"1946–1959",14,0,1,"Africa",0,1960-08-31,NA,NA,NA,13,NA
"266","COD","Congo - Kinshasa",1960,1962,"1960–1962",3,1,2,"Africa",1,1960-08-31,1960-08-31,1962-12-31,28,2,28
"266","COD","Congo - Kinshasa",1963,2019,"1963–2019",57,0,3,"Africa",0,1960-08-31,NA,NA,NA,56,NA
"267","ETH","Ethiopia",1946,1959,"1946–1959",14,0,1,"Africa",0,1960-12-17,NA,NA,NA,13,NA
"267","ETH","Ethiopia",1960,1960,"1960–1960",1,1,2,"Africa",1,1960-12-17,1960-12-17,1960-12-17,0,0,0
"267","ETH","Ethiopia",1961,1975,"1961–1975",15,0,3,"Africa",0,1960-12-17,NA,NA,NA,14,NA
"267","ETH","Ethiopia",1976,1991,"1976–1991",16,1,4,"Africa",2,1960-12-17,1976-06-02,1991-06-02,180,15,365.516129032258
"267","ETH","Ethiopia",1992,2019,"1992–2019",28,0,5,"Africa",0,1960-12-17,NA,NA,NA,27,NA
"269","NPL","Nepal",1946,1959,"1946–1959",14,0,1,"Asia",0,1960-02-29,NA,NA,NA,13,NA
"269","NPL","Nepal",1960,1962,"1960–1962",3,1,2,"Asia",1,1960-02-29,1960-02-29,1962-12-31,34.0645161290323,2,34.0645161290323
"269","NPL","Nepal",1963,1995,"1963–1995",33,0,3,"Asia",0,1960-02-29,NA,NA,NA,32,NA
"269","NPL","Nepal",1996,2006,"1996–2006",11,1,4,"Asia",2,1960-02-29,1996-08-23,2006-09-21,120.935483870968,10,558.741935483871
"269","NPL","Nepal",2007,2019,"2007–2019",13,0,5,"Asia",0,1960-02-29,NA,NA,NA,12,NA
"270","FRA","France",1946,1960,"1946–1960",15,0,1,"Europe",0,1961-04-22,NA,NA,NA,14,NA
"270","FRA","France",1961,1962,"1961–1962",2,1,2,"Europe",2,1961-04-22,1961-04-22,1962-06-30,14.2666666666667,1,14.2666666666667
"270","FRA","France",1963,2019,"1963–2019",57,0,3,"Europe",0,1961-04-22,NA,NA,NA,56,NA
"271","IRQ","Iraq",1946,1960,"1946–1960",15,0,1,"Middle East",0,1945-08-30,NA,NA,NA,14,NA
"271","IRQ","Iraq",1961,1970,"1961–1970",10,1,2,"Middle East",2,1945-08-30,1961-12-31,1970-03-11,98.3548387096774,9,294.366666666667
"271","IRQ","Iraq",1971,1972,"1971–1972",2,0,3,"Middle East",0,1945-08-30,NA,NA,NA,1,NA
"271","IRQ","Iraq",1973,1992,"1973–1992",20,1,4,"Middle East",2,1945-08-30,1973-07-31,1992-03-13,223.41935483871,19,558.433333333333
"271","IRQ","Iraq",1993,1994,"1993–1994",2,0,5,"Middle East",0,1945-08-30,NA,NA,NA,1,NA
"271","IRQ","Iraq",1995,1996,"1995–1996",2,1,6,"Middle East",1,1945-08-30,1995-03-14,1996-09-30,18.5333333333333,1,613
"271","IRQ","Iraq",1997,2019,"1997–2019",23,0,7,"Middle East",0,1945-08-30,NA,NA,NA,22,NA
"275","ETH","Ethiopia",1946,1963,"1946–1963",18,0,1,"Africa",0,1961-09-30,NA,NA,NA,17,NA
"275","ETH","Ethiopia",1964,1991,"1964–1991",28,1,2,"Africa",2,1961-09-30,1964-03-15,1991-05-31,326.516129032258,27,356.000092021717
"275","ETH","Ethiopia",1992,2019,"1992–2019",28,0,3,"Africa",0,1961-09-30,NA,NA,NA,27,NA
"277","VEN","Venezuela",1946,1961,"1946–1961",16,0,1,"Americas",0,1962-06-03,NA,NA,NA,15,NA
"277","VEN","Venezuela",1962,1962,"1962–1962",1,1,2,"Americas",1,1962-06-03,1962-06-03,1962-12-31,6.90322580645161,0,6.90322580645161
"277","VEN","Venezuela",1963,1981,"1963–1981",19,0,3,"Americas",0,1962-06-03,NA,NA,NA,18,NA
"277","VEN","Venezuela",1982,1982,"1982–1982",1,1,4,"Americas",1,1962-06-03,1982-04-30,1982-10-04,5.13333333333333,0,244.032258064516
"277","VEN","Venezuela",1983,1991,"1983–1991",9,0,5,"Americas",0,1962-06-03,NA,NA,NA,8,NA
"277","VEN","Venezuela",1992,1992,"1992–1992",1,1,6,"Americas",1,1962-06-03,1992-02-04,1992-11-27,9.76666666666667,0,365.8
"277","VEN","Venezuela",1993,2019,"1993–2019",27,0,7,"Americas",0,1962-06-03,NA,NA,NA,26,NA
"280","MYS","Malaysia",1946,1962,"1946–1962",17,0,1,"Asia",0,1963-12-31,NA,NA,NA,16,NA
"280","MYS","Malaysia",1963,1966,"1963–1966",4,1,2,"Asia",1,1963-12-31,1963-12-31,1966-12-31,36,3,36
"280","MYS","Malaysia",1967,2019,"1967–2019",53,0,3,"Asia",0,1963-12-31,NA,NA,NA,52,NA
"282","SDN","Sudan",1946,1962,"1946–1962",17,0,1,"Africa",0,1963-12-31,NA,NA,NA,16,NA
"282","SDN","Sudan",1963,1972,"1963–1972",10,1,2,"Africa",2,1963-12-31,1963-12-31,1972-01-31,97,9,97
"282","SDN","Sudan",1973,2019,"1973–2019",47,0,3,"Africa",0,1963-12-31,NA,NA,NA,46,NA
"283","COD","Congo - Kinshasa",1946,1963,"1946–1963",18,0,1,"Africa",0,1964-01-03,NA,NA,NA,17,NA
"283","COD","Congo - Kinshasa",1964,1967,"1964–1967",4,1,2,"Africa",2,1964-01-03,1964-01-31,1967-11-05,45.1666666666667,3,46.0666666666667
"283","COD","Congo - Kinshasa",1968,1976,"1968–1976",9,0,3,"Africa",0,1964-01-03,NA,NA,NA,8,NA
"283","COD","Congo - Kinshasa",1977,1978,"1977–1978",2,1,4,"Africa",1,1964-01-03,1977-04-30,1978-06-15,13.5161290322581,1,173.4
"283","COD","Congo - Kinshasa",1979,1995,"1979–1995",17,0,5,"Africa",0,1964-01-03,NA,NA,NA,16,NA
"283","COD","Congo - Kinshasa",1996,2001,"1996–2001",6,1,6,"Africa",2,1964-01-03,1996-10-19,2001-09-29,59.3333333333333,5,452.866666666667
"283","COD","Congo - Kinshasa",2002,2004,"2002–2004",3,0,7,"Africa",0,1964-01-03,NA,NA,NA,2,NA
"283","COD","Congo - Kinshasa",2005,2008,"2005–2008",4,1,8,"Africa",1,1964-01-03,2005-11-01,2008-10-29,35.9032258064516,3,537.838709677419
"283","COD","Congo - Kinshasa",2009,2010,"2009–2010",2,0,9,"Africa",0,1964-01-03,NA,NA,NA,1,NA
"283","COD","Congo - Kinshasa",2011,2019,"2011–2019",9,1,10,"Africa",2,1964-01-03,2011-10-07,2014-09-05,34.9354838709677,8,608.066666666667
"284","GAB","Gabon",1946,1963,"1946–1963",18,0,1,"Africa",0,1964-02-18,NA,NA,NA,17,NA
"284","GAB","Gabon",1964,1964,"1964–1964",1,1,2,"Africa",1,1964-02-18,1964-02-18,1964-02-19,0.0344827586206897,0,0.0344827586206897
"284","GAB","Gabon",1965,2019,"1965–2019",55,0,3,"Africa",0,1964-02-18,NA,NA,NA,54,NA
"287","BDI","Burundi",1946,1964,"1946–1964",19,0,1,"Africa",0,1965-10-18,NA,NA,NA,18,NA
"287","BDI","Burundi",1965,1965,"1965–1965",1,1,2,"Africa",1,1965-10-18,1965-10-19,1965-10-19,0,0,0.032258064516129
"287","BDI","Burundi",1966,1990,"1966–1990",25,0,3,"Africa",0,1965-10-18,NA,NA,NA,24,NA
"287","BDI","Burundi",1991,2008,"1991–2008",18,1,4,"Africa",2,1965-10-18,1991-11-27,2008-08-22,200.838709677419,17,514.129032258065
"287","BDI","Burundi",2009,2013,"2009–2013",5,0,5,"Africa",0,1965-10-18,NA,NA,NA,4,NA
"287","BDI","Burundi",2014,2015,"2014–2015",2,1,6,"Africa",1,1965-10-18,2014-12-30,2015-12-11,11.3666666666667,1,601.766666666667
"287","BDI","Burundi",2016,2018,"2016–2018",3,0,7,"Africa",0,1965-10-18,NA,NA,NA,2,NA
"287","BDI","Burundi",2019,2019,"2019–2019",1,1,8,"Africa",1,1965-10-18,2019-01-20,NA,NA,0,NA
"288","TCD","Chad",1946,1965,"1946–1965",20,0,1,"Africa",0,1966-07-31,NA,NA,NA,19,NA
"288","TCD","Chad",1966,1972,"1966–1972",7,1,2,"Africa",1,1966-07-31,1966-07-31,1972-11-24,75.8,6,75.8
"288","TCD","Chad",1973,1975,"1973–1975",3,0,3,"Africa",0,1966-07-31,NA,NA,NA,2,NA
"288","TCD","Chad",1976,1994,"1976–1994",19,1,4,"Africa",2,1966-07-31,1976-02-18,1994-12-31,226.41935483871,18,341
"288","TCD","Chad",1995,1996,"1995–1996",2,0,5,"Africa",0,1966-07-31,NA,NA,NA,1,NA
"288","TCD","Chad",1997,2010,"1997–2010",14,1,6,"Africa",2,1966-07-31,1997-10-30,2010-04-28,149.935483870968,13,524.933333333333
"288","TCD","Chad",2011,2017,"2011–2017",7,0,7,"Africa",0,1966-07-31,NA,NA,NA,6,NA
"288","TCD","Chad",2018,2018,"2018–2018",1,1,8,"Africa",1,1966-07-31,2018-08-11,2018-09-13,1.06666666666667,0,625.433333333333
"288","TCD","Chad",2019,2019,"2019–2019",1,0,9,"Africa",0,1966-07-31,NA,NA,NA,0,NA
"289","COL","Colombia",1946,1963,"1946–1963",18,0,1,"Americas",0,1964-12-31,NA,NA,NA,17,NA
"289","COL","Colombia",1964,2019,"1964–2019",56,1,2,"Americas",2,1964-12-31,1964-12-31,2016-12-29,623.935483870968,55,623.935483870968
"290","DOM","Dominican Republic",1946,1964,"1946–1964",19,0,1,"Americas",0,1965-04-24,NA,NA,NA,18,NA
"290","DOM","Dominican Republic",1965,1965,"1965–1965",1,1,2,"Americas",1,1965-04-24,1965-04-24,1965-08-31,4.2258064516129,0,4.2258064516129
"290","DOM","Dominican Republic",1966,2019,"1966–2019",54,0,3,"Americas",0,1965-04-24,NA,NA,NA,53,NA
"291","IDN","Indonesia",1946,1964,"1946–1964",19,0,1,"Asia",0,1965-07-28,NA,NA,NA,18,NA
"291","IDN","Indonesia",1965,1969,"1965–1969",5,1,2,"Asia",1,1965-07-28,1965-07-28,1969-12-31,53.0967741935484,4,53.0967741935484
"291","IDN","Indonesia",1970,1975,"1970–1975",6,0,3,"Asia",0,1965-07-28,NA,NA,NA,5,NA
"291","IDN","Indonesia",1976,1978,"1976–1978",3,1,4,"Asia",2,1965-07-28,1976-12-31,1978-12-31,24,2,161.096774193548
"291","IDN","Indonesia",1979,1980,"1979–1980",2,0,5,"Asia",0,1965-07-28,NA,NA,NA,1,NA
"291","IDN","Indonesia",1981,1981,"1981–1981",1,1,6,"Asia",2,1965-07-28,1981-12-31,1981-12-31,0,0,197.096774193548
"291","IDN","Indonesia",1982,1983,"1982–1983",2,0,7,"Asia",0,1965-07-28,NA,NA,NA,1,NA
"291","IDN","Indonesia",1984,1984,"1984–1984",1,1,8,"Asia",1,1965-07-28,1984-12-31,1984-12-31,0,0,233.096774193548
"291","IDN","Indonesia",1985,2017,"1985–2017",33,0,9,"Asia",0,1965-07-28,NA,NA,NA,32,NA
"291","IDN","Indonesia",2018,2018,"2018–2018",1,1,10,"Asia",1,1965-07-28,2018-12-02,2018-12-02,0,0,640.133333333333
"291","IDN","Indonesia",2019,2019,"2019–2019",1,0,11,"Asia",0,1965-07-28,NA,NA,NA,0,NA
"292","PER","Peru",1946,1964,"1946–1964",19,0,1,"Americas",0,1963-05-15,NA,NA,NA,18,NA
"292","PER","Peru",1965,1965,"1965–1965",1,1,2,"Americas",1,1963-05-15,1965-08-03,1965-12-31,4.90322580645161,0,31.5161290322581
"292","PER","Peru",1966,1981,"1966–1981",16,0,3,"Americas",0,1963-05-15,NA,NA,NA,15,NA
"292","PER","Peru",1982,1999,"1982–1999",18,1,4,"Americas",2,1963-05-15,1982-08-22,1999-11-26,207.133333333333,17,438.366666666667
"292","PER","Peru",2000,2006,"2000–2006",7,0,5,"Americas",0,1963-05-15,NA,NA,NA,6,NA
"292","PER","Peru",2007,2010,"2007–2010",4,1,6,"Americas",1,1963-05-15,2007-11-14,2010-12-30,37.5161290322581,3,571.483870967742
"292","PER","Peru",2011,2019,"2011–2019",9,0,7,"Americas",0,1963-05-15,NA,NA,NA,8,NA
"295","GHA","Ghana",1946,1965,"1946–1965",20,0,1,"Africa",0,1966-02-24,NA,NA,NA,19,NA
"295","GHA","Ghana",1966,1966,"1966–1966",1,1,2,"Africa",1,1966-02-24,1966-02-24,1966-02-24,0,0,0
"295","GHA","Ghana",1967,1980,"1967–1980",14,0,3,"Africa",0,1966-02-24,NA,NA,NA,13,NA
"295","GHA","Ghana",1981,1983,"1981–1983",3,1,4,"Africa",1,1966-02-24,1981-12-31,1983-06-19,17.6333333333333,2,207.838709677419
"295","GHA","Ghana",1984,2019,"1984–2019",36,0,5,"Africa",0,1966-02-24,NA,NA,NA,35,NA
"296","IND","India",1946,1965,"1946–1965",20,0,1,"Asia",0,1966-09-01,NA,NA,NA,19,NA
"296","IND","India",1966,1968,"1966–1968",3,1,2,"Asia",1,1966-09-01,1966-09-01,1968-12-31,27.9677419354839,2,27.9677419354839
"296","IND","India",1969,2019,"1969–2019",51,0,3,"Asia",0,1966-09-01,NA,NA,NA,50,NA
"297","NGA","Nigeria",1946,1965,"1946–1965",20,0,1,"Africa",0,1966-01-15,NA,NA,NA,19,NA
"297","NGA","Nigeria",1966,1966,"1966–1966",1,1,2,"Africa",1,1966-01-15,1966-01-15,1966-07-29,6.45161290322581,0,6.45161290322581
"297","NGA","Nigeria",1967,2008,"1967–2008",42,0,3,"Africa",0,1966-01-15,NA,NA,NA,41,NA
"297","NGA","Nigeria",2009,2019,"2009–2019",11,1,4,"Africa",2,1966-01-15,2009-07-26,2009-07-30,0.129032258064516,10,522.483870967742
"298","ZAF","South Africa",1946,1965,"1946–1965",20,0,1,"Africa",0,1966-08-26,NA,NA,NA,19,NA
"298","ZAF","South Africa",1966,1988,"1966–1988",23,1,2,"Africa",2,1966-08-26,1966-12-31,1988-08-08,259.258064516129,22,263.41935483871
"298","ZAF","South Africa",1989,2019,"1989–2019",31,0,3,"Africa",0,1966-08-26,NA,NA,NA,30,NA
"299","SYR","Syria",1946,1965,"1946–1965",20,0,1,"Middle East",0,1966-02-23,NA,NA,NA,19,NA
"299","SYR","Syria",1966,1966,"1966–1966",1,1,2,"Middle East",1,1966-02-23,1966-02-23,1966-02-23,0,0,0
"299","SYR","Syria",1967,1978,"1967–1978",12,0,3,"Middle East",0,1966-02-23,NA,NA,NA,11,NA
"299","SYR","Syria",1979,1982,"1979–1982",4,1,4,"Middle East",2,1966-02-23,1979-06-16,1982-02-02,31.5483870967742,3,191.322580645161
"299","SYR","Syria",1983,2010,"1983–2010",28,0,5,"Middle East",0,1966-02-23,NA,NA,NA,27,NA
"299","SYR","Syria",2011,2019,"2011–2019",9,1,6,"Middle East",2,1966-02-23,2011-09-04,NA,NA,8,NA
"300","KHM","Cambodia",1946,1966,"1946–1966",21,0,1,"Asia",0,1967-04-30,NA,NA,NA,20,NA
"300","KHM","Cambodia",1967,1975,"1967–1975",9,1,2,"Asia",2,1967-04-30,1967-05-31,1975-04-17,94.5666666666667,8,95.5806451612903
"300","KHM","Cambodia",1976,1977,"1976–1977",2,0,3,"Asia",0,1967-04-30,NA,NA,NA,1,NA
"300","KHM","Cambodia",1978,1998,"1978–1998",21,1,4,"Asia",2,1967-04-30,1978-12-30,1998-10-24,237.8,20,377.8
"300","KHM","Cambodia",1999,2019,"1999–2019",21,0,5,"Asia",0,1967-04-30,NA,NA,NA,20,NA
"303","NGA","Nigeria",1946,1966,"1946–1966",21,0,1,"Africa",0,1967-07-06,NA,NA,NA,20,NA
"303","NGA","Nigeria",1967,1970,"1967–1970",4,1,2,"Africa",2,1967-07-06,1967-07-06,1970-01-12,30.1935483870968,3,30.1935483870968
"303","NGA","Nigeria",1971,2019,"1971–2019",49,0,3,"Africa",0,1967-07-06,NA,NA,NA,48,NA
"307","GIN","Guinea",1946,1999,"1946–1999",54,0,1,"Africa",0,2000-09-01,NA,NA,NA,53,NA
"307","GIN","Guinea",2000,2001,"2000–2001",2,1,2,"Africa",1,2000-09-01,2000-09-17,2001-07-19,10.0645161290323,1,10.5806451612903
"307","GIN","Guinea",2002,2019,"2002–2019",18,0,3,"Africa",0,2000-09-01,NA,NA,NA,17,NA
"308","PHL","Philippines",1946,1969,"1946–1969",24,0,1,"Asia",0,1970-08-20,NA,NA,NA,23,NA
"308","PHL","Philippines",1970,1990,"1970–1990",21,1,2,"Asia",2,1970-08-20,1970-08-20,1990-08-02,239.41935483871,20,239.41935483871
"308","PHL","Philippines",1991,1992,"1991–1992",2,0,3,"Asia",0,1970-08-20,NA,NA,NA,1,NA
"308","PHL","Philippines",1993,2019,"1993–2019",27,1,4,"Asia",2,1970-08-20,1993-02-09,NA,NA,26,NA
"309","SDN","Sudan",1946,1970,"1946–1970",25,0,1,"Africa",0,1971-07-22,NA,NA,NA,24,NA
"309","SDN","Sudan",1971,1971,"1971–1971",1,1,2,"Africa",1,1971-07-22,1971-07-22,1971-07-22,0,0,0
"309","SDN","Sudan",1972,1975,"1972–1975",4,0,3,"Africa",0,1971-07-22,NA,NA,NA,3,NA
"309","SDN","Sudan",1976,1976,"1976–1976",1,1,4,"Africa",1,1971-07-22,1976-07-02,1976-07-02,0,0,59.3333333333333
"309","SDN","Sudan",1977,1982,"1977–1982",6,0,5,"Africa",0,1971-07-22,NA,NA,NA,5,NA
"309","SDN","Sudan",1983,2018,"1983–2018",36,1,6,"Africa",2,1971-07-22,1983-05-17,2018-12-16,426.966666666667,35,568.8
"309","SDN","Sudan",2019,2019,"2019–2019",1,0,7,"Africa",0,1971-07-22,NA,NA,NA,0,NA
"310","MDG","Madagascar",1946,1970,"1946–1970",25,0,1,"Africa",0,1971-04-30,NA,NA,NA,24,NA
"310","MDG","Madagascar",1971,1971,"1971–1971",1,1,2,"Africa",1,1971-04-30,1971-04-30,1971-04-30,0,0,0
"310","MDG","Madagascar",1972,2019,"1972–2019",48,0,3,"Africa",0,1971-04-30,NA,NA,NA,47,NA
"311","MAR","Morocco",1946,1970,"1946–1970",25,0,1,"Africa",0,1971-07-10,NA,NA,NA,24,NA
"311","MAR","Morocco",1971,1971,"1971–1971",1,1,2,"Africa",1,1971-07-10,1971-07-10,1971-07-11,0.032258064516129,0,0.032258064516129
"311","MAR","Morocco",1972,2019,"1972–2019",48,0,3,"Africa",0,1971-07-10,NA,NA,NA,47,NA
"312","PAK","Pakistan",1946,1970,"1946–1970",25,0,1,"Asia",0,1971-03-26,NA,NA,NA,24,NA
"312","PAK","Pakistan",1971,1971,"1971–1971",1,1,2,"Asia",2,1971-03-26,1971-03-26,1971-12-16,8.66666666666667,0,8.66666666666667
"312","PAK","Pakistan",1972,2019,"1972–2019",48,0,3,"Asia",0,1971-03-26,NA,NA,NA,47,NA
"313","LKA","Sri Lanka",1946,1970,"1946–1970",25,0,1,"Asia",0,1971-04-05,NA,NA,NA,24,NA
"313","LKA","Sri Lanka",1971,1971,"1971–1971",1,1,2,"Asia",2,1971-04-05,1971-04-30,1971-06-09,1.32258064516129,0,2.13333333333333
"313","LKA","Sri Lanka",1972,1988,"1972–1988",17,0,3,"Asia",0,1971-04-05,NA,NA,NA,16,NA
"313","LKA","Sri Lanka",1989,1990,"1989–1990",2,1,4,"Asia",1,1971-04-05,1989-02-13,1990-02-23,12.3571428571429,1,226.642857142857
"313","LKA","Sri Lanka",1991,2019,"1991–2019",29,0,5,"Asia",0,1971-04-05,NA,NA,NA,28,NA
"314","UGA","Uganda",1946,1970,"1946–1970",25,0,1,"Africa",0,1971-01-25,NA,NA,NA,24,NA
"314","UGA","Uganda",1971,1974,"1971–1974",4,1,2,"Africa",1,1971-01-25,1971-01-29,1974-03-23,37.7931034482759,3,37.9285714285714
"314","UGA","Uganda",1975,1978,"1975–1978",4,0,3,"Africa",0,1971-01-25,NA,NA,NA,3,NA
"314","UGA","Uganda",1979,2019,"1979–2019",41,1,4,"Africa",2,1971-01-25,1979-01-22,2011-11-03,393.387096774194,40,489.290322580645
"315","GBR","United Kingdom",1946,1970,"1946–1970",25,0,1,"Europe",0,1970-08-11,NA,NA,NA,24,NA
"315","GBR","United Kingdom",1971,1991,"1971–1991",21,1,2,"Europe",1,1970-08-11,1971-08-31,1991-11-26,242.866666666667,20,255.5
"315","GBR","United Kingdom",1992,1997,"1992–1997",6,0,3,"Europe",0,1970-08-11,NA,NA,NA,5,NA
"315","GBR","United Kingdom",1998,1998,"1998–1998",1,1,4,"Europe",1,1970-08-11,1998-08-15,1998-08-15,0,0,336.129032258065
"315","GBR","United Kingdom",1999,2019,"1999–2019",21,0,5,"Europe",0,1970-08-11,NA,NA,NA,20,NA
"316","SLV","El Salvador",1946,1971,"1946–1971",26,0,1,"Americas",0,1972-03-25,NA,NA,NA,25,NA
"316","SLV","El Salvador",1972,1972,"1972–1972",1,1,2,"Americas",1,1972-03-25,1972-03-25,1972-03-25,0,0,0
"316","SLV","El Salvador",1973,1978,"1973–1978",6,0,3,"Americas",0,1972-03-25,NA,NA,NA,5,NA
"316","SLV","El Salvador",1979,1991,"1979–1991",13,1,4,"Americas",2,1972-03-25,1979-09-14,1991-11-18,146.133333333333,12,235.774193548387
"316","SLV","El Salvador",1992,2019,"1992–2019",28,0,5,"Americas",0,1972-03-25,NA,NA,NA,27,NA
"317","OMN","Oman",1946,1968,"1946–1968",23,0,1,"Middle East",0,1968-10-31,NA,NA,NA,22,NA
"317","OMN","Oman",1969,1975,"1969–1975",7,1,2,"Middle East",1,1968-10-31,1969-12-31,1975-12-11,71.3548387096774,6,85.3548387096774
"317","OMN","Oman",1976,2019,"1976–2019",44,0,3,"Middle East",0,1968-10-31,NA,NA,NA,43,NA
"318","ZWE","Zimbabwe",1946,1966,"1946–1966",21,0,1,"Africa",0,1966-04-29,NA,NA,NA,20,NA
"318","ZWE","Zimbabwe",1967,1968,"1967–1968",2,1,2,"Africa",1,1966-04-29,1967-09-05,1968-12-31,15.8387096774194,1,32.0645161290323
"318","ZWE","Zimbabwe",1969,1972,"1969–1972",4,0,3,"Africa",0,1966-04-29,NA,NA,NA,3,NA
"318","ZWE","Zimbabwe",1973,1979,"1973–1979",7,1,4,"Africa",2,1966-04-29,1973-04-04,1979-12-21,80.5483870967742,6,163.733333333333
"318","ZWE","Zimbabwe",1980,2019,"1980–2019",40,0,5,"Africa",0,1966-04-29,NA,NA,NA,39,NA
"319","URY","Uruguay",1946,1971,"1946–1971",26,0,1,"Americas",0,1970-04-13,NA,NA,NA,25,NA
"319","URY","Uruguay",1972,1972,"1972–1972",1,1,2,"Americas",1,1970-04-13,1972-04-30,1972-12-31,8.03225806451613,0,32.5806451612903
"319","URY","Uruguay",1973,2019,"1973–2019",47,0,3,"Americas",0,1970-04-13,NA,NA,NA,46,NA
"321","CHL","Chile",1946,1972,"1946–1972",27,0,1,"Americas",0,1973-09-11,NA,NA,NA,26,NA
"321","CHL","Chile",1973,1973,"1973–1973",1,1,2,"Americas",1,1973-09-11,1973-09-11,1973-09-11,0,0,0
"321","CHL","Chile",1974,2019,"1974–2019",46,0,3,"Americas",0,1973-09-11,NA,NA,NA,45,NA
"322","BGD","Bangladesh",1946,1974,"1946–1974",29,0,1,"Asia",0,1975-02-28,NA,NA,NA,28,NA
"322","BGD","Bangladesh",1975,1991,"1975–1991",17,1,2,"Asia",1,1975-02-28,1975-02-28,1991-12-31,202.096774193548,16,202.096774193548
"322","BGD","Bangladesh",1992,2019,"1992–2019",28,0,3,"Asia",0,1975-02-28,NA,NA,NA,27,NA
"325","PAK","Pakistan",1946,1973,"1946–1973",28,0,1,"Asia",0,1973-05-18,NA,NA,NA,27,NA
"325","PAK","Pakistan",1974,1977,"1974–1977",4,1,2,"Asia",2,1973-05-18,1974-12-31,1977-07-05,30.1612903225806,3,49.5666666666667
"325","PAK","Pakistan",1978,2003,"1978–2003",26,0,3,"Asia",0,1973-05-18,NA,NA,NA,25,NA
"325","PAK","Pakistan",2004,2016,"2004–2016",13,1,4,"Asia",1,1973-05-18,2004-08-01,2016-10-23,146.709677419355,12,521.161290322581
"325","PAK","Pakistan",2017,2018,"2017–2018",2,0,5,"Asia",0,1973-05-18,NA,NA,NA,1,NA
"325","PAK","Pakistan",2019,2019,"2019–2019",1,1,6,"Asia",1,1973-05-18,2019-05-11,NA,NA,0,NA
"326","ERI","Eritrea",1946,1996,"1946–1996",51,0,1,"Africa",0,1993-12-16,NA,NA,NA,50,NA
"326","ERI","Eritrea",1997,1999,"1997–1999",3,1,2,"Africa",1,1993-12-16,1997-06-30,1999-11-29,28.9677419354839,2,71.4333333333333
"326","ERI","Eritrea",2000,2002,"2000–2002",3,0,3,"Africa",0,1993-12-16,NA,NA,NA,2,NA
"326","ERI","Eritrea",2003,2003,"2003–2003",1,1,4,"Africa",1,1993-12-16,2003-07-17,2003-08-09,0.741935483870968,0,115.774193548387
"326","ERI","Eritrea",2004,2019,"2004–2019",16,0,5,"Africa",0,1993-12-16,NA,NA,NA,15,NA
"327","AGO","Angola",1946,1974,"1946–1974",29,0,1,"Africa",0,1975-11-11,NA,NA,NA,28,NA
"327","AGO","Angola",1975,1995,"1975–1995",21,1,2,"Africa",2,1975-11-11,1975-11-11,1995-12-24,241.41935483871,20,241.41935483871
"327","AGO","Angola",1996,1997,"1996–1997",2,0,3,"Africa",0,1975-11-11,NA,NA,NA,1,NA
"327","AGO","Angola",1998,2002,"1998–2002",5,1,4,"Africa",2,1975-11-11,1998-05-02,2002-04-01,46.9677419354839,4,316.677419354839
"327","AGO","Angola",2003,2019,"2003–2019",17,0,5,"Africa",0,1975-11-11,NA,NA,NA,16,NA
"329","ETH","Ethiopia",1946,1963,"1946–1963",18,0,1,"Africa",0,1964-01-11,NA,NA,NA,17,NA
"329","ETH","Ethiopia",1964,1964,"1964–1964",1,1,2,"Africa",1,1964-01-11,1964-01-11,1964-12-31,11.6451612903226,0,11.6451612903226
"329","ETH","Ethiopia",1965,1975,"1965–1975",11,0,3,"Africa",0,1964-01-11,NA,NA,NA,10,NA
"329","ETH","Ethiopia",1976,1983,"1976–1983",8,1,4,"Africa",2,1964-01-11,1976-10-31,1983-12-31,86,7,239.645161290323
"329","ETH","Ethiopia",1984,1992,"1984–1992",9,0,5,"Africa",0,1964-01-11,NA,NA,NA,8,NA
"329","ETH","Ethiopia",1993,2016,"1993–2016",24,1,6,"Africa",1,1964-01-11,1993-10-13,2016-12-31,278.58064516129,23,635.645161290323
"329","ETH","Ethiopia",2017,2019,"2017–2019",3,0,7,"Africa",0,1964-01-11,NA,NA,NA,2,NA
"330","IDN","Indonesia",1946,1974,"1946–1974",29,0,1,"Asia",0,1975-12-07,NA,NA,NA,28,NA
"330","IDN","Indonesia",1975,1988,"1975–1988",14,1,2,"Asia",2,1975-12-07,1975-12-07,1988-12-31,156.774193548387,13,156.774193548387
"330","IDN","Indonesia",1989,1991,"1989–1991",3,0,3,"Asia",0,1975-12-07,NA,NA,NA,2,NA
"330","IDN","Indonesia",1992,1992,"1992–1992",1,1,4,"Asia",1,1975-12-07,1992-12-15,1992-12-15,0,0,204.258064516129
"330","IDN","Indonesia",1993,1996,"1993–1996",4,0,5,"Asia",0,1975-12-07,NA,NA,NA,3,NA
"330","IDN","Indonesia",1997,1999,"1997–1999",3,1,6,"Asia",1,1975-12-07,1997-05-31,1999-09-22,27.7333333333333,2,285.5
"330","IDN","Indonesia",2000,2019,"2000–2019",20,0,7,"Asia",0,1975-12-07,NA,NA,NA,19,NA
"331","MAR","Morocco",1946,1974,"1946–1974",29,0,1,"Africa",0,1975-09-01,NA,NA,NA,28,NA
"331","MAR","Morocco",1975,1989,"1975–1989",15,1,2,"Africa",2,1975-09-01,1975-11-04,1989-11-16,168.4,14,170.5
"331","MAR","Morocco",1990,2019,"1990–2019",30,0,3,"Africa",0,1975-09-01,NA,NA,NA,29,NA
"332","MOZ","Mozambique",1946,1976,"1946–1976",31,0,1,"Africa",0,1977-12-31,NA,NA,NA,30,NA
"332","MOZ","Mozambique",1977,1992,"1977–1992",16,1,2,"Africa",2,1977-12-31,1977-12-31,1992-10-19,177.612903225806,15,177.612903225806
"332","MOZ","Mozambique",1993,2012,"1993–2012",20,0,3,"Africa",0,1977-12-31,NA,NA,NA,19,NA
"332","MOZ","Mozambique",2013,2019,"2013–2019",7,1,4,"Africa",1,1977-12-31,2013-10-12,2016-11-07,36.8387096774194,6,466.233333333333
"333","AFG","Afghanistan",1946,1977,"1946–1977",32,0,1,"Asia",0,1975-07-02,NA,NA,NA,31,NA
"333","AFG","Afghanistan",1978,2019,"1978–2019",42,1,2,"Asia",2,1975-07-02,1978-04-27,NA,NA,41,NA
"335","IND","India",1946,1978,"1946–1978",33,0,1,"Asia",0,1979-07-09,NA,NA,NA,32,NA
"335","IND","India",1979,1988,"1979–1988",10,1,2,"Asia",1,1979-07-09,1979-12-31,1988-08-12,103.387096774194,9,109.096774193548
"335","IND","India",1989,1991,"1989–1991",3,0,3,"Asia",0,1979-07-09,NA,NA,NA,2,NA
"335","IND","India",1992,1992,"1992–1992",1,1,4,"Asia",1,1979-07-09,1992-10-12,1992-12-31,2.61290322580645,0,161.709677419355
"335","IND","India",1993,1996,"1993–1996",4,0,5,"Asia",0,1979-07-09,NA,NA,NA,3,NA
"335","IND","India",1997,2004,"1997–2004",8,1,6,"Asia",1,1979-07-09,1997-06-10,2004-12-28,90.5806451612903,7,305.612903225806
"335","IND","India",2005,2019,"2005–2019",15,0,7,"Asia",0,1979-07-09,NA,NA,NA,14,NA
"336","NIC","Nicaragua",1946,1976,"1946–1976",31,0,1,"Americas",0,1974-12-27,NA,NA,NA,30,NA
"336","NIC","Nicaragua",1977,1979,"1977–1979",3,1,2,"Americas",2,1974-12-27,1977-10-10,1979-07-19,21.2903225806452,2,54.7333333333333
"336","NIC","Nicaragua",1980,1981,"1980–1981",2,0,3,"Americas",0,1974-12-27,NA,NA,NA,1,NA
"336","NIC","Nicaragua",1982,1990,"1982–1990",9,1,4,"Americas",2,1974-12-27,1982-04-17,1990-04-15,95.9354838709677,8,183.612903225806
"336","NIC","Nicaragua",1991,2019,"1991–2019",29,0,5,"Americas",0,1974-12-27,NA,NA,NA,28,NA
"337","SOM","Somalia",1946,1981,"1946–1981",36,0,1,"Africa",0,1982-01-18,NA,NA,NA,35,NA
"337","SOM","Somalia",1982,1996,"1982–1996",15,1,2,"Africa",2,1982-01-18,1982-12-31,1996-12-20,167.645161290323,14,179.064516129032
"337","SOM","Somalia",1997,2000,"1997–2000",4,0,3,"Africa",0,1982-01-18,NA,NA,NA,3,NA
"337","SOM","Somalia",2001,2002,"2001–2002",2,1,4,"Africa",1,1982-01-18,2001-05-12,2002-10-28,17.5161290322581,1,249.322580645161
"337","SOM","Somalia",2003,2005,"2003–2005",3,0,5,"Africa",0,1982-01-18,NA,NA,NA,2,NA
"337","SOM","Somalia",2006,2019,"2006–2019",14,1,6,"Africa",2,1982-01-18,2006-10-24,NA,NA,13,NA
"338","IRN","Iran",1946,1978,"1946–1978",33,0,1,"Middle East",0,1972-08-13,NA,NA,NA,32,NA
"338","IRN","Iran",1979,1982,"1979–1982",4,1,2,"Middle East",2,1972-08-13,1979-12-31,1982-12-31,36,3,124.58064516129
"338","IRN","Iran",1983,1985,"1983–1985",3,0,3,"Middle East",0,1972-08-13,NA,NA,NA,2,NA
"338","IRN","Iran",1986,1988,"1986–1988",3,1,4,"Middle East",1,1972-08-13,1986-12-31,1988-12-31,24,2,196.58064516129
"338","IRN","Iran",1989,1990,"1989–1990",2,0,5,"Middle East",0,1972-08-13,NA,NA,NA,1,NA
"338","IRN","Iran",1991,1993,"1991–1993",3,1,6,"Middle East",1,1972-08-13,1991-04-03,1993-12-11,32.258064516129,2,255.933333333333
"338","IRN","Iran",1994,1996,"1994–1996",3,0,7,"Middle East",0,1972-08-13,NA,NA,NA,2,NA
"338","IRN","Iran",1997,2001,"1997–2001",5,1,8,"Middle East",1,1972-08-13,1997-02-18,2001-09-16,54.9354838709677,4,349.1
"338","IRN","Iran",2002,2004,"2002–2004",3,0,9,"Middle East",0,1972-08-13,NA,NA,NA,2,NA
"338","IRN","Iran",2005,2011,"2005–2011",7,1,10,"Middle East",1,1972-08-13,2005-08-07,2011-12-27,76.6451612903226,6,472.451612903226
"338","IRN","Iran",2012,2017,"2012–2017",6,0,11,"Middle East",0,1972-08-13,NA,NA,NA,5,NA
"338","IRN","Iran",2018,2019,"2018–2019",2,1,12,"Middle East",1,1972-08-13,2018-07-20,NA,NA,1,NA
"339","IRN","Iran",1946,1978,"1946–1978",33,0,1,"Middle East",0,1979-05-30,NA,NA,NA,32,NA
"339","IRN","Iran",1979,1980,"1979–1980",2,1,2,"Middle East",1,1979-05-30,1979-05-31,1980-12-31,19,1,19.0322580645161
"339","IRN","Iran",1981,2019,"1981–2019",39,0,3,"Middle East",0,1979-05-30,NA,NA,NA,38,NA
"340","SAU","Saudi Arabia",1946,1978,"1946–1978",33,0,1,"Middle East",0,1979-11-20,NA,NA,NA,32,NA
"340","SAU","Saudi Arabia",1979,1979,"1979–1979",1,1,2,"Middle East",1,1979-11-20,1979-11-20,1979-12-04,0.466666666666667,0,0.466666666666667
"340","SAU","Saudi Arabia",1980,2019,"1980–2019",40,0,3,"Middle East",0,1979-11-20,NA,NA,NA,39,NA
"341","LBR","Liberia",1946,1979,"1946–1979",34,0,1,"Africa",0,1980-04-12,NA,NA,NA,33,NA
"341","LBR","Liberia",1980,1980,"1980–1980",1,1,2,"Africa",1,1980-04-12,1980-04-12,1980-04-14,0.0666666666666667,0,0.0666666666666667
"341","LBR","Liberia",1981,1988,"1981–1988",8,0,3,"Africa",0,1980-04-12,NA,NA,NA,7,NA
"341","LBR","Liberia",1989,1990,"1989–1990",2,1,4,"Africa",1,1980-04-12,1989-12-26,1990-12-31,12.1612903225806,1,128.612903225806
"341","LBR","Liberia",1991,1999,"1991–1999",9,0,5,"Africa",0,1980-04-12,NA,NA,NA,8,NA
"341","LBR","Liberia",2000,2003,"2000–2003",4,1,6,"Africa",2,1980-04-12,2000-05-31,2003-11-21,41.7,3,283.3
"341","LBR","Liberia",2004,2019,"2004–2019",16,0,7,"Africa",0,1980-04-12,NA,NA,NA,15,NA
"342","ESP","Spain",1946,1977,"1946–1977",32,0,1,"Europe",0,1968-06-07,NA,NA,NA,31,NA
"342","ESP","Spain",1978,1982,"1978–1982",5,1,2,"Europe",1,1968-06-07,1978-10-22,1982-12-29,50.2258064516129,4,174.709677419355
"342","ESP","Spain",1983,1984,"1983–1984",2,0,3,"Europe",0,1968-06-07,NA,NA,NA,1,NA
"342","ESP","Spain",1985,1987,"1985–1987",3,1,4,"Europe",1,1968-06-07,1985-12-23,1987-12-31,24.258064516129,2,234.774193548387
"342","ESP","Spain",1988,1990,"1988–1990",3,0,5,"Europe",0,1968-06-07,NA,NA,NA,2,NA
"342","ESP","Spain",1991,1991,"1991–1991",1,1,6,"Europe",1,1968-06-07,1991-06-28,1991-12-13,5.5,0,282.193548387097
"342","ESP","Spain",1992,2019,"1992–2019",28,0,7,"Europe",0,1968-06-07,NA,NA,NA,27,NA
"343","TUN","Tunisia",1946,1979,"1946–1979",34,0,1,"Africa",0,1980-01-27,NA,NA,NA,33,NA
"343","TUN","Tunisia",1980,1980,"1980–1980",1,1,2,"Africa",1,1980-01-27,1980-01-28,1980-01-28,0,0,0.032258064516129
"343","TUN","Tunisia",1981,2019,"1981–2019",39,0,3,"Africa",0,1980-01-27,NA,NA,NA,38,NA
"344","GMB","Gambia",1946,1980,"1946–1980",35,0,1,"Africa",0,1981-07-30,NA,NA,NA,34,NA
"344","GMB","Gambia",1981,1981,"1981–1981",1,1,2,"Africa",1,1981-07-30,1981-07-30,1981-08-05,0.193548387096774,0,0.193548387096774
"344","GMB","Gambia",1982,2019,"1982–2019",38,0,3,"Africa",0,1981-07-30,NA,NA,NA,37,NA
"345","ZAF","South Africa",1946,1980,"1946–1980",35,0,1,"Africa",0,1978-02-01,NA,NA,NA,34,NA
"345","ZAF","South Africa",1981,1988,"1981–1988",8,1,2,"Africa",1,1978-02-01,1981-08-07,1988-12-31,88.7741935483871,7,130.967741935484
"345","ZAF","South Africa",1989,2019,"1989–2019",31,0,3,"Africa",0,1978-02-01,NA,NA,NA,30,NA
"347","IND","India",1946,1981,"1946–1981",36,0,1,"Asia",0,1979-04-26,NA,NA,NA,35,NA
"347","IND","India",1982,1988,"1982–1988",7,1,2,"Asia",1,1979-04-26,1982-07-31,1988-12-31,77,6,116.161290322581
"347","IND","India",1989,1992,"1989–1992",4,0,3,"Asia",0,1979-04-26,NA,NA,NA,3,NA
"347","IND","India",1993,2000,"1993–2000",8,1,4,"Asia",1,1979-04-26,1993-12-31,2000-12-20,83.6451612903226,7,259.8
"347","IND","India",2001,2002,"2001–2002",2,0,5,"Asia",0,1979-04-26,NA,NA,NA,1,NA
"347","IND","India",2003,2009,"2003–2009",7,1,6,"Asia",1,1979-04-26,2003-07-21,2009-12-28,77.2258064516129,6,368.064516129032
"347","IND","India",2010,2019,"2010–2019",10,0,7,"Asia",0,1979-04-26,NA,NA,NA,9,NA
"348","KEN","Kenya",1946,1981,"1946–1981",36,0,1,"Africa",0,1982-08-01,NA,NA,NA,35,NA
"348","KEN","Kenya",1982,1982,"1982–1982",1,1,2,"Africa",1,1982-08-01,1982-08-01,1982-08-21,0.645161290322581,0,0.645161290322581
"348","KEN","Kenya",1983,2019,"1983–2019",37,0,3,"Africa",0,1982-08-01,NA,NA,NA,36,NA
"351","IND","India",1946,1982,"1946–1982",37,0,1,"Asia",0,1981-09-20,NA,NA,NA,36,NA
"351","IND","India",1983,1993,"1983–1993",11,1,2,"Asia",2,1981-09-20,1983-12-31,1993-12-24,119.774193548387,10,147.129032258065
"351","IND","India",1994,2019,"1994–2019",26,0,3,"Asia",0,1981-09-20,NA,NA,NA,25,NA
"352","LKA","Sri Lanka",1946,1983,"1946–1983",38,0,1,"Asia",0,1975-07-27,NA,NA,NA,37,NA
"352","LKA","Sri Lanka",1984,2009,"1984–2009",26,1,2,"Asia",2,1975-07-27,1984-09-01,2009-07-04,298.096774193548,25,407.233333333333
"352","LKA","Sri Lanka",2010,2019,"2010–2019",10,0,3,"Asia",0,1975-07-27,NA,NA,NA,9,NA
"353","CMR","Cameroon",1946,1959,"1946–1959",14,0,1,"Africa",0,1960-01-31,NA,NA,NA,13,NA
"353","CMR","Cameroon",1960,1961,"1960–1961",2,1,2,"Africa",2,1960-01-31,1960-01-31,1961-12-31,23,1,23
"353","CMR","Cameroon",1962,1983,"1962–1983",22,0,3,"Africa",0,1960-01-31,NA,NA,NA,21,NA
"353","CMR","Cameroon",1984,1984,"1984–1984",1,1,4,"Africa",1,1960-01-31,1984-04-06,1984-04-09,0.1,0,290.3
"353","CMR","Cameroon",1985,2014,"1985–2014",30,0,5,"Africa",0,1960-01-31,NA,NA,NA,29,NA
"353","CMR","Cameroon",2015,2017,"2015–2017",3,1,6,"Africa",1,1960-01-31,2015-01-12,2017-12-03,34.7,2,694.096774193548
"353","CMR","Cameroon",2018,2019,"2018–2019",2,0,7,"Africa",0,1960-01-31,NA,NA,NA,1,NA
"354","TUR","Turkey",1946,1983,"1946–1983",38,0,1,"Middle East",0,1983-05-01,NA,NA,NA,37,NA
"354","TUR","Turkey",1984,2019,"1984–2019",36,1,2,"Middle East",2,1983-05-01,1984-08-15,2013-02-26,342.392857142857,35,357.892857142857
"357","SUR","Suriname",1946,1986,"1946–1986",41,0,1,"Americas",0,1986-08-21,NA,NA,NA,40,NA
"357","SUR","Suriname",1987,1987,"1987–1987",1,1,2,"Americas",1,1986-08-21,1987-10-12,1987-12-31,2.61290322580645,0,16.3225806451613
"357","SUR","Suriname",1988,2019,"1988–2019",32,0,3,"Americas",0,1986-08-21,NA,NA,NA,31,NA
"358","TGO","Togo",1946,1985,"1946–1985",40,0,1,"Africa",0,1986-09-23,NA,NA,NA,39,NA
"358","TGO","Togo",1986,1986,"1986–1986",1,1,2,"Africa",1,1986-09-23,1986-09-23,1986-09-24,0.0333333333333333,0,0.0333333333333333
"358","TGO","Togo",1987,2019,"1987–2019",33,0,3,"Africa",0,1986-09-23,NA,NA,NA,32,NA
"359","YPR","South Yemen",1946,1985,"1946–1985",40,0,1,"Middle East",0,1986-01-13,NA,NA,NA,39,NA
"359","YPR","South Yemen",1986,1986,"1986–1986",1,1,2,"Middle East",2,1986-01-13,1986-01-13,1986-01-20,0.225806451612903,0,0.225806451612903
"359","YPR","South Yemen",1987,2019,"1987–2019",33,0,3,"Middle East",0,1986-01-13,NA,NA,NA,32,NA
"360","BFA","Burkina Faso",1946,1986,"1946–1986",41,0,1,"Africa",0,1987-10-15,NA,NA,NA,40,NA
"360","BFA","Burkina Faso",1987,1987,"1987–1987",1,1,2,"Africa",1,1987-10-15,1987-10-15,1987-10-15,0,0,0
"360","BFA","Burkina Faso",1988,2017,"1988–2017",30,0,3,"Africa",0,1987-10-15,NA,NA,NA,29,NA
"360","BFA","Burkina Faso",2018,2019,"2018–2019",2,1,4,"Africa",1,1987-10-15,2018-05-22,NA,NA,1,NA
"362","COM","Comoros",1946,1988,"1946–1988",43,0,1,"Africa",0,1989-11-27,NA,NA,NA,42,NA
"362","COM","Comoros",1989,1989,"1989–1989",1,1,2,"Africa",1,1989-11-27,1989-11-29,1989-11-29,0,0,0.0666666666666667
"362","COM","Comoros",1990,2019,"1990–2019",30,0,3,"Africa",0,1989-11-27,NA,NA,NA,29,NA
"363","ETH","Ethiopia",1946,1974,"1946–1974",29,0,1,"Africa",0,1975-06-30,NA,NA,NA,28,NA
"363","ETH","Ethiopia",1975,1976,"1975–1976",2,1,2,"Africa",1,1975-06-30,1975-06-30,1976-12-31,18.0322580645161,1,18.0322580645161
"363","ETH","Ethiopia",1977,1995,"1977–1995",19,0,3,"Africa",0,1975-06-30,NA,NA,NA,18,NA
"363","ETH","Ethiopia",1996,1996,"1996–1996",1,1,4,"Africa",1,1975-06-30,1996-12-31,1996-12-31,0,0,258.032258064516
"363","ETH","Ethiopia",1997,2019,"1997–2019",23,0,5,"Africa",0,1975-06-30,NA,NA,NA,22,NA
"364","IND","India",1946,1989,"1946–1989",44,0,1,"Asia",0,1984-02-06,NA,NA,NA,43,NA
"364","IND","India",1990,2019,"1990–2019",30,1,2,"Asia",2,1984-02-06,1990-02-12,NA,NA,29,NA
"365","IND","India",1946,1989,"1946–1989",44,0,1,"Asia",0,1983-12-31,NA,NA,NA,43,NA
"365","IND","India",1990,1990,"1990–1990",1,1,2,"Asia",1,1983-12-31,1990-11-30,1990-11-30,0,0,83
"365","IND","India",1991,1993,"1991–1993",3,0,3,"Asia",0,1983-12-31,NA,NA,NA,2,NA
"365","IND","India",1994,2010,"1994–2010",17,1,4,"Asia",1,1983-12-31,1994-12-31,2010-10-16,189.516129032258,16,321.516129032258
"365","IND","India",2011,2019,"2011–2019",9,0,5,"Asia",0,1983-12-31,NA,NA,NA,8,NA
"366","IDN","Indonesia",1946,1989,"1946–1989",44,0,1,"Asia",0,1989-05-02,NA,NA,NA,43,NA
"366","IDN","Indonesia",1990,1991,"1990–1991",2,1,2,"Asia",1,1989-05-02,1990-06-06,1991-12-28,18.7096774193548,1,31.8387096774194
"366","IDN","Indonesia",1992,1998,"1992–1998",7,0,3,"Asia",0,1989-05-02,NA,NA,NA,6,NA
"366","IDN","Indonesia",1999,2005,"1999–2005",7,1,4,"Asia",1,1989-05-02,1999-06-01,2005-10-12,76.3548387096774,6,197.322580645161
"366","IDN","Indonesia",2006,2019,"2006–2019",14,0,5,"Asia",0,1989-05-02,NA,NA,NA,13,NA
"367","PAN","Panama",1946,1988,"1946–1988",43,0,1,"Americas",0,1989-10-03,NA,NA,NA,42,NA
"367","PAN","Panama",1989,1989,"1989–1989",1,1,2,"Americas",1,1989-10-03,1989-10-03,1989-10-03,0,0,0
"367","PAN","Panama",1990,2019,"1990–2019",30,0,3,"Americas",0,1989-10-03,NA,NA,NA,29,NA
"369","PNG","Papua New Guinea",1946,1989,"1946–1989",44,0,1,"Asia",0,1989-04-06,NA,NA,NA,43,NA
"369","PNG","Papua New Guinea",1990,1996,"1990–1996",7,1,2,"Asia",1,1989-04-06,1990-02-07,1996-11-28,81.7,6,91.7333333333333
"369","PNG","Papua New Guinea",1997,2019,"1997–2019",23,0,3,"Asia",0,1989-04-06,NA,NA,NA,22,NA
"370","ROU","Romania",1946,1988,"1946–1988",43,0,1,"Europe",0,1989-12-17,NA,NA,NA,42,NA
"370","ROU","Romania",1989,1989,"1989–1989",1,1,2,"Europe",1,1989-12-17,1989-12-22,1989-12-29,0.225806451612903,0,0.387096774193548
"370","ROU","Romania",1990,2019,"1990–2019",30,0,3,"Europe",0,1989-12-17,NA,NA,NA,29,NA
"372","MLI","Mali",1946,1989,"1946–1989",44,0,1,"Africa",0,1990-06-28,NA,NA,NA,43,NA
"372","MLI","Mali",1990,1991,"1990–1991",2,1,2,"Africa",1,1990-06-28,1990-07-21,1991-11-09,15.6129032258065,1,16.3870967741935
"372","MLI","Mali",1992,1993,"1992–1993",2,0,3,"Africa",0,1990-06-28,NA,NA,NA,1,NA
"372","MLI","Mali",1994,1994,"1994–1994",1,1,4,"Africa",1,1990-06-28,1994-10-04,1994-12-18,2.45161290322581,0,53.6666666666667
"372","MLI","Mali",1995,2006,"1995–2006",12,0,5,"Africa",0,1990-06-28,NA,NA,NA,11,NA
"372","MLI","Mali",2007,2009,"2007–2009",3,1,6,"Africa",1,1990-06-28,2007-08-31,2009-01-22,16.7096774193548,2,222.806451612903
"372","MLI","Mali",2010,2011,"2010–2011",2,0,7,"Africa",0,1990-06-28,NA,NA,NA,1,NA
"372","MLI","Mali",2012,2015,"2012–2015",4,1,8,"Africa",1,1990-06-28,2012-01-24,2015-05-18,39.8,3,298.666666666667
"372","MLI","Mali",2016,2019,"2016–2019",4,0,9,"Africa",0,1990-06-28,NA,NA,NA,3,NA
"373","NER","Niger",1946,1993,"1946–1993",48,0,1,"Africa",0,1994-01-19,NA,NA,NA,47,NA
"373","NER","Niger",1994,1994,"1994–1994",1,1,2,"Africa",1,1994-01-19,1994-05-16,1994-09-26,4.33333333333333,0,8.23333333333333
"373","NER","Niger",1995,2019,"1995–2019",25,0,3,"Africa",0,1994-01-19,NA,NA,NA,24,NA
"374","RWA","Rwanda",1946,1989,"1946–1989",44,0,1,"Africa",0,1990-10-01,NA,NA,NA,43,NA
"374","RWA","Rwanda",1990,2002,"1990–2002",13,1,2,"Africa",2,1990-10-01,1990-10-03,2002-03-01,136.928571428571,12,137
"374","RWA","Rwanda",2003,2008,"2003–2008",6,0,3,"Africa",0,1990-10-01,NA,NA,NA,5,NA
"374","RWA","Rwanda",2009,2012,"2009–2012",4,1,4,"Africa",2,1990-10-01,2009-02-16,2012-12-02,45.5333333333333,3,266.032258064516
"374","RWA","Rwanda",2013,2015,"2013–2015",3,0,5,"Africa",0,1990-10-01,NA,NA,NA,2,NA
"374","RWA","Rwanda",2016,2019,"2016–2019",4,1,6,"Africa",1,1990-10-01,2016-03-29,2016-11-15,7.54838709677419,3,313.466666666667
"375","SEN","Senegal",1946,1989,"1946–1989",44,0,1,"Africa",0,1988-12-31,NA,NA,NA,43,NA
"375","SEN","Senegal",1990,2003,"1990–2003",14,1,2,"Africa",1,1988-12-31,1990-08-31,2003-10-11,157.354838709677,13,177.354838709677
"375","SEN","Senegal",2004,2010,"2004–2010",7,0,3,"Africa",0,1988-12-31,NA,NA,NA,6,NA
"375","SEN","Senegal",2011,2011,"2011–2011",1,1,4,"Africa",1,1988-12-31,2011-12-20,2011-12-30,0.32258064516129,0,275.967741935484
"375","SEN","Senegal",2012,2019,"2012–2019",8,0,5,"Africa",0,1988-12-31,NA,NA,NA,7,NA
"376","AZE","Azerbaijan",1946,1989,"1946–1989",44,0,1,"Europe",0,1990-01-19,NA,NA,NA,43,NA
"376","AZE","Azerbaijan",1990,1991,"1990–1991",2,1,2,"Europe",1,1990-01-19,1990-08-31,1991-12-21,15.6774193548387,1,23.0645161290323
"376","AZE","Azerbaijan",1992,2019,"1992–2019",28,0,3,"Europe",0,1990-01-19,NA,NA,NA,27,NA
"377","AZE","Azerbaijan",1946,1989,"1946–1989",44,0,1,"Europe",0,1990-01-20,NA,NA,NA,43,NA
"377","AZE","Azerbaijan",1990,1990,"1990–1990",1,1,2,"Europe",1,1990-01-20,1990-01-23,1990-01-27,0.129032258064516,0,0.225806451612903
"377","AZE","Azerbaijan",1991,2019,"1991–2019",29,0,3,"Europe",0,1990-01-20,NA,NA,NA,28,NA
"378","TTO","Trinidad & Tobago",1946,1989,"1946–1989",44,0,1,"Americas",0,1990-07-27,NA,NA,NA,43,NA
"378","TTO","Trinidad & Tobago",1990,1990,"1990–1990",1,1,2,"Americas",1,1990-07-27,1990-08-02,1990-08-02,0,0,0.193548387096774
"378","TTO","Trinidad & Tobago",1991,2019,"1991–2019",29,0,3,"Americas",0,1990-07-27,NA,NA,NA,28,NA
"379","DJI","Djibouti",1946,1990,"1946–1990",45,0,1,"Africa",0,1991-11-12,NA,NA,NA,44,NA
"379","DJI","Djibouti",1991,1994,"1991–1994",4,1,2,"Africa",1,1991-11-12,1991-11-13,1994-03-04,27.6785714285714,3,27.7142857142857
"379","DJI","Djibouti",1995,1998,"1995–1998",4,0,3,"Africa",0,1991-11-12,NA,NA,NA,3,NA
"379","DJI","Djibouti",1999,1999,"1999–1999",1,1,4,"Africa",1,1991-11-12,1999-07-24,1999-08-31,1.2258064516129,0,93.6129032258064
"379","DJI","Djibouti",2000,2019,"2000–2019",20,0,5,"Africa",0,1991-11-12,NA,NA,NA,19,NA
"380","GEO","Georgia",1946,1990,"1946–1990",45,0,1,"Europe",0,1991-12-22,NA,NA,NA,44,NA
"380","GEO","Georgia",1991,1993,"1991–1993",3,1,2,"Europe",1,1991-12-22,1991-12-28,1993-11-16,22.6129032258065,2,22.8064516129032
"380","GEO","Georgia",1994,2019,"1994–2019",26,0,3,"Europe",0,1991-12-22,NA,NA,NA,25,NA
"381","HTI","Haiti",1946,1988,"1946–1988",43,0,1,"Americas",0,1989-04-03,NA,NA,NA,42,NA
"381","HTI","Haiti",1989,1991,"1989–1991",3,1,2,"Americas",1,1989-04-03,1989-04-08,1991-10-02,29.8,2,29.9666666666667
"381","HTI","Haiti",1992,2003,"1992–2003",12,0,3,"Americas",0,1989-04-03,NA,NA,NA,11,NA
"381","HTI","Haiti",2004,2004,"2004–2004",1,1,4,"Americas",1,1989-04-03,2004-02-08,2004-11-19,9.36666666666667,0,187.533333333333
"381","HTI","Haiti",2005,2019,"2005–2019",15,0,5,"Americas",0,1989-04-03,NA,NA,NA,14,NA
"382","SLE","Sierra Leone",1946,1990,"1946–1990",45,0,1,"Africa",0,1991-03-23,NA,NA,NA,44,NA
"382","SLE","Sierra Leone",1991,2001,"1991–2001",11,1,2,"Africa",2,1991-03-23,1991-04-01,2001-12-20,128.612903225806,10,128.9
"382","SLE","Sierra Leone",2002,2019,"2002–2019",18,0,3,"Africa",0,1991-03-23,NA,NA,NA,17,NA
"383","TUR","Turkey",1946,1990,"1946–1990",45,0,1,"Middle East",0,1987-12-31,NA,NA,NA,44,NA
"383","TUR","Turkey",1991,1992,"1991–1992",2,1,2,"Middle East",1,1987-12-31,1991-07-13,1992-12-07,16.8,1,59.2258064516129
"383","TUR","Turkey",1993,1994,"1993–1994",2,0,3,"Middle East",0,1987-12-31,NA,NA,NA,1,NA
"383","TUR","Turkey",1995,1995,"1995–1995",1,1,4,"Middle East",1,1987-12-31,1995-07-16,1995-10-02,2.53333333333333,0,93.0645161290323
"383","TUR","Turkey",1996,2004,"1996–2004",9,0,5,"Middle East",0,1987-12-31,NA,NA,NA,8,NA
"383","TUR","Turkey",2005,2005,"2005–2005",1,1,6,"Middle East",1,1987-12-31,2005-06-17,2005-10-17,4,0,213.548387096774
"383","TUR","Turkey",2006,2015,"2006–2015",10,0,7,"Middle East",0,1987-12-31,NA,NA,NA,9,NA
"383","TUR","Turkey",2016,2016,"2016–2016",1,1,8,"Middle East",1,1987-12-31,2016-02-17,2016-12-17,10,0,347.548387096774
"383","TUR","Turkey",2017,2019,"2017–2019",3,0,9,"Middle East",0,1987-12-31,NA,NA,NA,2,NA
"384","SVN","Slovenia",1946,1990,"1946–1990",45,0,1,"Europe",0,1991-06-27,NA,NA,NA,44,NA
"384","SVN","Slovenia",1991,1991,"1991–1991",1,1,2,"Europe",1,1991-06-27,1991-06-28,1991-07-03,0.166666666666667,0,0.2
"384","SVN","Slovenia",1992,2019,"1992–2019",28,0,3,"Europe",0,1991-06-27,NA,NA,NA,27,NA
"385","HRV","Croatia",1946,1990,"1946–1990",45,0,1,"Europe",0,1991-07-09,NA,NA,NA,44,NA
"385","HRV","Croatia",1991,1992,"1991–1992",2,1,2,"Europe",2,1991-07-09,1991-07-27,1992-04-06,8.32258064516129,1,8.90322580645161
"385","HRV","Croatia",1993,2019,"1993–2019",27,0,3,"Europe",0,1991-07-09,NA,NA,NA,26,NA
"386","DZA","Algeria",1946,1990,"1946–1990",45,0,1,"Africa",0,1985-08-27,NA,NA,NA,44,NA
"386","DZA","Algeria",1991,2018,"1991–2018",28,1,2,"Africa",2,1985-08-27,1991-12-09,2018-11-19,323.333333333333,27,398.741935483871
"386","DZA","Algeria",2019,2019,"2019–2019",1,0,3,"Africa",0,1985-08-27,NA,NA,NA,0,NA
"387","AGO","Angola",1946,1990,"1946–1990",45,0,1,"Africa",0,1989-08-04,NA,NA,NA,44,NA
"387","AGO","Angola",1991,1998,"1991–1998",8,1,2,"Africa",1,1989-08-04,1991-12-31,1998-12-31,84,7,112.870967741935
"387","AGO","Angola",1999,2001,"1999–2001",3,0,3,"Africa",0,1989-08-04,NA,NA,NA,2,NA
"387","AGO","Angola",2002,2004,"2002–2004",3,1,4,"Africa",1,1989-08-04,2002-11-12,2004-12-31,25.6129032258065,2,184.870967741935
"387","AGO","Angola",2005,2006,"2005–2006",2,0,5,"Africa",0,1989-08-04,NA,NA,NA,1,NA
"387","AGO","Angola",2007,2009,"2007–2009",3,1,6,"Africa",1,1989-08-04,2007-12-31,2009-12-31,24,2,244.870967741935
"387","AGO","Angola",2010,2015,"2010–2015",6,0,7,"Africa",0,1989-08-04,NA,NA,NA,5,NA
"387","AGO","Angola",2016,2019,"2016–2019",4,1,8,"Africa",1,1989-08-04,2016-12-31,2017-12-31,12,3,340.870967741935
"388","AZE","Azerbaijan",1946,1990,"1946–1990",45,0,1,"Europe",0,1991-12-29,NA,NA,NA,44,NA
"388","AZE","Azerbaijan",1991,1994,"1991–1994",4,1,2,"Europe",2,1991-12-29,1991-12-30,1994-07-15,30.5,3,30.5333333333333
"388","AZE","Azerbaijan",1995,1996,"1995–1996",2,0,3,"Europe",0,1991-12-29,NA,NA,NA,1,NA
"388","AZE","Azerbaijan",1997,1998,"1997–1998",2,1,4,"Europe",1,1991-12-29,1997-04-20,1998-12-31,20.3548387096774,1,84.0645161290323
"388","AZE","Azerbaijan",1999,2004,"1999–2004",6,0,5,"Europe",0,1991-12-29,NA,NA,NA,5,NA
"388","AZE","Azerbaijan",2005,2005,"2005–2005",1,1,6,"Europe",1,1991-12-29,2005-12-05,2005-12-05,0,0,167.2
"388","AZE","Azerbaijan",2006,2007,"2006–2007",2,0,7,"Europe",0,1991-12-29,NA,NA,NA,1,NA
"388","AZE","Azerbaijan",2008,2008,"2008–2008",1,1,8,"Europe",1,1991-12-29,2008-12-31,2008-12-31,0,0,204.064516129032
"388","AZE","Azerbaijan",2009,2011,"2009–2011",3,0,9,"Europe",0,1991-12-29,NA,NA,NA,2,NA
"388","AZE","Azerbaijan",2012,2017,"2012–2017",6,1,10,"Europe",1,1991-12-29,2012-09-25,2017-12-14,62.6333333333333,5,311.5
"388","AZE","Azerbaijan",2018,2019,"2018–2019",2,0,11,"Europe",0,1991-12-29,NA,NA,NA,1,NA
"389","BIH","Bosnia & Herzegovina",1946,1991,"1946–1991",46,0,1,"Europe",0,1992-04-27,NA,NA,NA,45,NA
"389","BIH","Bosnia & Herzegovina",1992,1995,"1992–1995",4,1,2,"Europe",2,1992-04-27,1992-04-30,1995-12-31,44.0322580645161,3,44.1290322580645
"389","BIH","Bosnia & Herzegovina",1996,2019,"1996–2019",24,0,3,"Europe",0,1992-04-27,NA,NA,NA,23,NA
"390","HRV","Croatia",1946,1991,"1946–1991",46,0,1,"Europe",0,1992-04-29,NA,NA,NA,45,NA
"390","HRV","Croatia",1992,1995,"1992–1995",4,1,2,"Europe",1,1992-04-29,1992-05-17,1995-09-06,39.6451612903226,3,40.258064516129
"390","HRV","Croatia",1996,2019,"1996–2019",24,0,3,"Europe",0,1992-04-29,NA,NA,NA,23,NA
"391","EGY","Egypt",1946,1992,"1946–1992",47,0,1,"Middle East",0,1981-10-08,NA,NA,NA,46,NA
"391","EGY","Egypt",1993,1998,"1993–1998",6,1,2,"Middle East",1,1981-10-08,1993-03-10,1998-11-02,67.741935483871,5,204.806451612903
"391","EGY","Egypt",1999,2013,"1999–2013",15,0,3,"Middle East",0,1981-10-08,NA,NA,NA,14,NA
"391","EGY","Egypt",2014,2014,"2014–2014",1,1,4,"Middle East",1,1981-10-08,2014-04-24,2014-10-24,6,0,396.516129032258
"391","EGY","Egypt",2015,2016,"2015–2016",2,0,5,"Middle East",0,1981-10-08,NA,NA,NA,1,NA
"391","EGY","Egypt",2017,2019,"2017–2019",3,1,6,"Middle East",1,1981-10-08,2017-07-14,NA,NA,2,NA
"392","GEO","Georgia",1946,1991,"1946–1991",46,0,1,"Europe",0,1992-08-14,NA,NA,NA,45,NA
"392","GEO","Georgia",1992,1993,"1992–1993",2,1,2,"Europe",2,1992-08-14,1992-08-17,1993-11-29,15.4,1,15.5
"392","GEO","Georgia",1994,2019,"1994–2019",26,0,3,"Europe",0,1992-08-14,NA,NA,NA,25,NA
"393","GEO","Georgia",1946,1991,"1946–1991",46,0,1,"Europe",0,1992-05-12,NA,NA,NA,45,NA
"393","GEO","Georgia",1992,1992,"1992–1992",1,1,2,"Europe",1,1992-05-12,1992-06-08,1992-08-14,2.19354838709677,0,3.06451612903226
"393","GEO","Georgia",1993,2003,"1993–2003",11,0,3,"Europe",0,1992-05-12,NA,NA,NA,10,NA
"393","GEO","Georgia",2004,2004,"2004–2004",1,1,4,"Europe",1,1992-05-12,2004-08-19,2004-10-12,1.76666666666667,0,149
"393","GEO","Georgia",2005,2007,"2005–2007",3,0,5,"Europe",0,1992-05-12,NA,NA,NA,2,NA
"393","GEO","Georgia",2008,2008,"2008–2008",1,1,6,"Europe",1,1992-05-12,2008-08-12,2008-11-09,2.90322580645161,0,197.903225806452
"393","GEO","Georgia",2009,2019,"2009–2019",11,0,7,"Europe",0,1992-05-12,NA,NA,NA,10,NA
"394","MDA","Moldova",1946,1991,"1946–1991",46,0,1,"Europe",0,1992-03-01,NA,NA,NA,45,NA
"394","MDA","Moldova",1992,1992,"1992–1992",1,1,2,"Europe",1,1992-03-01,1992-03-17,1992-07-31,4.45161290322581,0,4.96774193548387
"394","MDA","Moldova",1993,2019,"1993–2019",27,0,3,"Europe",0,1992-03-01,NA,NA,NA,26,NA
"395","TJK","Tajikistan",1946,1991,"1946–1991",46,0,1,"Asia",0,1992-05-05,NA,NA,NA,45,NA
"395","TJK","Tajikistan",1992,2000,"1992–2000",9,1,2,"Asia",2,1992-05-05,1992-05-10,2000-09-06,99.8709677419355,8,100.033333333333
"395","TJK","Tajikistan",2001,2009,"2001–2009",9,0,3,"Asia",0,1992-05-05,NA,NA,NA,8,NA
"395","TJK","Tajikistan",2010,2011,"2010–2011",2,1,4,"Asia",1,1992-05-05,2010-09-09,2011-07-25,10.5161290322581,1,230.645161290323
"395","TJK","Tajikistan",2012,2019,"2012–2019",8,0,5,"Asia",0,1992-05-05,NA,NA,NA,7,NA
"396","AZE","Azerbaijan",1946,1992,"1946–1992",47,0,1,"Europe",0,1992-05-15,NA,NA,NA,46,NA
"396","AZE","Azerbaijan",1993,1995,"1993–1995",3,1,2,"Europe",1,1992-05-15,1993-06-06,1995-03-17,21.3548387096774,2,34.0645161290323
"396","AZE","Azerbaijan",1996,2019,"1996–2019",24,0,3,"Europe",0,1992-05-15,NA,NA,NA,23,NA
"397","BIH","Bosnia & Herzegovina",1946,1992,"1946–1992",47,0,1,"Europe",0,1993-07-21,NA,NA,NA,46,NA
"397","BIH","Bosnia & Herzegovina",1993,1995,"1993–1995",3,1,2,"Europe",1,1993-07-21,1993-10-05,1995-07-28,21.741935483871,2,24.2258064516129
"397","BIH","Bosnia & Herzegovina",1996,2019,"1996–2019",24,0,3,"Europe",0,1993-07-21,NA,NA,NA,23,NA
"398","BIH","Bosnia & Herzegovina",1946,1992,"1946–1992",47,0,1,"Europe",0,1993-01-13,NA,NA,NA,46,NA
"398","BIH","Bosnia & Herzegovina",1993,1994,"1993–1994",2,1,2,"Europe",2,1993-01-13,1993-01-14,1994-09-05,19.7096774193548,1,19.741935483871
"398","BIH","Bosnia & Herzegovina",1995,2019,"1995–2019",25,0,3,"Europe",0,1993-01-13,NA,NA,NA,24,NA
"399","RUS","Russia",1946,1992,"1946–1992",47,0,1,"Europe",0,1991-08-20,NA,NA,NA,46,NA
"399","RUS","Russia",1993,1993,"1993–1993",1,1,2,"Europe",1,1991-08-20,1993-10-03,1993-10-05,0.0645161290322581,0,25.5
"399","RUS","Russia",1994,2019,"1994–2019",26,0,3,"Europe",0,1991-08-20,NA,NA,NA,25,NA
"400","MEX","Mexico",1946,1993,"1946–1993",48,0,1,"Americas",0,1994-01-01,NA,NA,NA,47,NA
"400","MEX","Mexico",1994,1996,"1994–1996",3,1,2,"Americas",1,1994-01-01,1994-01-01,1996-12-31,35.9677419354839,2,35.9677419354839
"400","MEX","Mexico",1997,2019,"1997–2019",23,0,3,"Americas",0,1994-01-01,NA,NA,NA,22,NA
"401","RUS","Russia",1946,1993,"1946–1993",48,0,1,"Europe",0,1994-05-27,NA,NA,NA,47,NA
"401","RUS","Russia",1994,1996,"1994–1996",3,1,2,"Europe",2,1994-05-27,1994-11-26,1996-11-08,23.4193548387097,2,29.3870967741935
"401","RUS","Russia",1997,1998,"1997–1998",2,0,3,"Europe",0,1994-05-27,NA,NA,NA,1,NA
"401","RUS","Russia",1999,2007,"1999–2007",9,1,4,"Europe",2,1994-05-27,1999-08-11,2007-10-06,97.8333333333333,8,160.3
"401","RUS","Russia",2008,2019,"2008–2019",12,0,5,"Europe",0,1994-05-27,NA,NA,NA,11,NA
"402","YPR","South Yemen",1946,1993,"1946–1993",48,0,1,"Middle East",0,1994-02-21,NA,NA,NA,47,NA
"402","YPR","South Yemen",1994,1994,"1994–1994",1,1,2,"Middle East",2,1994-02-21,1994-04-28,1994-07-04,2.2,0,4.43333333333333
"402","YPR","South Yemen",1995,2019,"1995–2019",25,0,3,"Middle East",0,1994-02-21,NA,NA,NA,24,NA
"404","PAK","Pakistan",1946,1989,"1946–1989",44,0,1,"Asia",0,1990-02-11,NA,NA,NA,43,NA
"404","PAK","Pakistan",1990,1990,"1990–1990",1,1,2,"Asia",1,1990-02-11,1990-02-11,1990-02-11,0,0,0
"404","PAK","Pakistan",1991,1993,"1991–1993",3,0,3,"Asia",0,1990-02-11,NA,NA,NA,2,NA
"404","PAK","Pakistan",1994,1996,"1994–1996",3,1,4,"Asia",1,1990-02-11,1994-05-03,1996-09-04,28.0333333333333,2,78.7741935483871
"404","PAK","Pakistan",1997,2006,"1997–2006",10,0,5,"Asia",0,1990-02-11,NA,NA,NA,9,NA
"404","PAK","Pakistan",2007,2019,"2007–2019",13,1,6,"Asia",2,1990-02-11,2007-07-15,NA,NA,12,NA
"406","NER","Niger",1946,1994,"1946–1994",49,0,1,"Africa",0,1995-03-23,NA,NA,NA,48,NA
"406","NER","Niger",1995,1995,"1995–1995",1,1,2,"Africa",1,1995-03-23,1995-07-10,1995-07-10,0,0,3.56666666666667
"406","NER","Niger",1996,2019,"1996–2019",24,0,3,"Africa",0,1995-03-23,NA,NA,NA,23,NA
"407","COM","Comoros",1946,1996,"1946–1996",51,0,1,"Africa",0,1997-09-03,NA,NA,NA,50,NA
"407","COM","Comoros",1997,1997,"1997–1997",1,1,2,"Africa",1,1997-09-03,1997-09-05,1997-09-05,0,0,0.0666666666666667
"407","COM","Comoros",1998,2019,"1998–2019",22,0,3,"Africa",0,1997-09-03,NA,NA,NA,21,NA
"408","COG","Congo - Brazzaville",1946,1992,"1946–1992",47,0,1,"Africa",0,1993-11-03,NA,NA,NA,46,NA
"408","COG","Congo - Brazzaville",1993,1993,"1993–1993",1,1,2,"Africa",1,1993-11-03,1993-11-11,1993-12-27,1.51612903225806,0,1.7741935483871
"408","COG","Congo - Brazzaville",1994,1996,"1994–1996",3,0,3,"Africa",0,1993-11-03,NA,NA,NA,2,NA
"408","COG","Congo - Brazzaville",1997,1999,"1997–1999",3,1,4,"Africa",2,1993-11-03,1997-06-06,1999-12-06,30,2,73.0967741935484
"408","COG","Congo - Brazzaville",2000,2001,"2000–2001",2,0,5,"Africa",0,1993-11-03,NA,NA,NA,1,NA
"408","COG","Congo - Brazzaville",2002,2002,"2002–2002",1,1,6,"Africa",1,1993-11-03,2002-04-10,2002-12-31,8.67741935483871,0,109.903225806452
"408","COG","Congo - Brazzaville",2003,2015,"2003–2015",13,0,7,"Africa",0,1993-11-03,NA,NA,NA,12,NA
"408","COG","Congo - Brazzaville",2016,2016,"2016–2016",1,1,8,"Africa",1,1993-11-03,2016-04-05,2016-12-10,8.16129032258065,0,277.225806451613
"408","COG","Congo - Brazzaville",2017,2019,"2017–2019",3,0,9,"Africa",0,1993-11-03,NA,NA,NA,2,NA
"410","GNB","Guinea-Bissau",1946,1997,"1946–1997",52,0,1,"Africa",0,1998-06-07,NA,NA,NA,51,NA
"410","GNB","Guinea-Bissau",1998,1999,"1998–1999",2,1,2,"Africa",1,1998-06-07,1998-06-07,1999-05-07,11,1,11
"410","GNB","Guinea-Bissau",2000,2019,"2000–2019",20,0,3,"Africa",0,1998-06-07,NA,NA,NA,19,NA
"411","LSO","Lesotho",1946,1997,"1946–1997",52,0,1,"Africa",0,1998-09-03,NA,NA,NA,51,NA
"411","LSO","Lesotho",1998,1998,"1998–1998",1,1,2,"Africa",1,1998-09-03,1998-09-22,1998-09-28,0.2,0,0.833333333333333
"411","LSO","Lesotho",1999,2019,"1999–2019",21,0,3,"Africa",0,1998-09-03,NA,NA,NA,20,NA
"412","SRB","Serbia",1946,1997,"1946–1997",52,0,1,"Europe",0,1996-04-22,NA,NA,NA,51,NA
"412","SRB","Serbia",1998,1999,"1998–1999",2,1,2,"Europe",2,1996-04-22,1998-03-06,1999-11-21,20.5,1,42.9677419354839
"412","SRB","Serbia",2000,2019,"2000–2019",20,0,3,"Europe",0,1996-04-22,NA,NA,NA,19,NA
"413","ETH","Ethiopia",1946,1976,"1946–1976",31,0,1,"Africa",0,1974-08-31,NA,NA,NA,30,NA
"413","ETH","Ethiopia",1977,1995,"1977–1995",19,1,2,"Africa",2,1974-08-31,1977-12-31,1995-12-31,216,18,256
"413","ETH","Ethiopia",1996,1997,"1996–1997",2,0,3,"Africa",0,1974-08-31,NA,NA,NA,1,NA
"413","ETH","Ethiopia",1998,2016,"1998–2016",19,1,4,"Africa",1,1974-08-31,1998-12-31,2016-12-31,216,18,508
"413","ETH","Ethiopia",2017,2019,"2017–2019",3,0,5,"Africa",0,1974-08-31,NA,NA,NA,2,NA
"414","RUS","Russia",1946,1998,"1946–1998",53,0,1,"Europe",0,1999-08-29,NA,NA,NA,52,NA
"414","RUS","Russia",1999,1999,"1999–1999",1,1,2,"Europe",1,1999-08-29,1999-09-02,1999-09-09,0.233333333333333,0,0.354838709677419
"414","RUS","Russia",2000,2019,"2000–2019",20,0,3,"Europe",0,1999-08-29,NA,NA,NA,19,NA
"415","UZB","Uzbekistan",1946,1998,"1946–1998",53,0,1,"Asia",0,1999-02-16,NA,NA,NA,52,NA
"415","UZB","Uzbekistan",1999,2000,"1999–2000",2,1,2,"Asia",1,1999-02-16,1999-03-30,2000-10-01,18.0333333333333,1,19.5
"415","UZB","Uzbekistan",2001,2003,"2001–2003",3,0,3,"Asia",0,1999-02-16,NA,NA,NA,2,NA
"415","UZB","Uzbekistan",2004,2004,"2004–2004",1,1,4,"Asia",1,1999-02-16,2004-03-30,2004-07-30,4,0,65.4516129032258
"415","UZB","Uzbekistan",2005,2019,"2005–2019",15,0,5,"Asia",0,1999-02-16,NA,NA,NA,14,NA
"416","CAF","Central African Republic",1946,2000,"1946–2000",55,0,1,"Africa",0,2001-05-27,NA,NA,NA,54,NA
"416","CAF","Central African Republic",2001,2002,"2001–2002",2,1,2,"Africa",1,2001-05-27,2001-06-01,2002-12-19,18.5806451612903,1,18.7333333333333
"416","CAF","Central African Republic",2003,2005,"2003–2005",3,0,3,"Africa",0,2001-05-27,NA,NA,NA,2,NA
"416","CAF","Central African Republic",2006,2006,"2006–2006",1,1,4,"Africa",1,2001-05-27,2006-11-28,2006-12-01,0.1,0,66.1333333333333
"416","CAF","Central African Republic",2007,2008,"2007–2008",2,0,5,"Africa",0,2001-05-27,NA,NA,NA,1,NA
"416","CAF","Central African Republic",2009,2013,"2009–2013",5,1,6,"Africa",1,2001-05-27,2009-11-26,2013-12-05,48.3,4,150.266666666667
"416","CAF","Central African Republic",2014,2017,"2014–2017",4,0,7,"Africa",0,2001-05-27,NA,NA,NA,3,NA
"416","CAF","Central African Republic",2018,2019,"2018–2019",2,1,8,"Africa",1,2001-05-27,2018-05-17,NA,NA,1,NA
"417","MKD","North Macedonia",1946,2000,"1946–2000",55,0,1,"Europe",0,2000-01-11,NA,NA,NA,54,NA
"417","MKD","North Macedonia",2001,2001,"2001–2001",1,1,2,"Europe",1,2000-01-11,2001-05-03,2001-08-17,3.45161290322581,0,19.1935483870968
"417","MKD","North Macedonia",2002,2019,"2002–2019",18,0,3,"Europe",0,2000-01-11,NA,NA,NA,17,NA
"418","USA","United States",1946,2000,"1946–2000",55,0,1,"Americas",0,2001-09-11,NA,NA,NA,54,NA
"418","USA","United States",2001,2019,"2001–2019",19,1,2,"Americas",2,2001-09-11,2001-09-11,2017-12-04,194.766666666667,18,194.766666666667
"419","CIV","Côte d’Ivoire",1946,2001,"1946–2001",56,0,1,"Africa",0,2002-09-19,NA,NA,NA,55,NA
"419","CIV","Côte d’Ivoire",2002,2004,"2002–2004",3,1,2,"Africa",1,2002-09-19,2002-09-20,2004-11-09,25.6451612903226,2,25.6774193548387
"419","CIV","Côte d’Ivoire",2005,2010,"2005–2010",6,0,3,"Africa",0,2002-09-19,NA,NA,NA,5,NA
"419","CIV","Côte d’Ivoire",2011,2011,"2011–2011",1,1,4,"Africa",1,2002-09-19,2011-02-25,2011-04-27,2.06666666666667,0,103.266666666667
"419","CIV","Côte d’Ivoire",2012,2019,"2012–2019",8,0,5,"Africa",0,2002-09-19,NA,NA,NA,7,NA
"421","IND","India",1946,1988,"1946–1988",43,0,1,"Asia",0,1989-02-16,NA,NA,NA,42,NA
"421","IND","India",1989,1990,"1989–1990",2,1,2,"Asia",1,1989-02-16,1989-03-16,1990-12-31,21.4838709677419,1,22.4838709677419
"421","IND","India",1991,1993,"1991–1993",3,0,3,"Asia",0,1989-02-16,NA,NA,NA,2,NA
"421","IND","India",1994,2004,"1994–2004",11,1,4,"Asia",1,1989-02-16,1994-07-23,2004-11-03,123.354838709677,10,188.58064516129
"421","IND","India",2005,2008,"2005–2008",4,0,5,"Asia",0,1989-02-16,NA,NA,NA,3,NA
"421","IND","India",2009,2010,"2009–2010",2,1,6,"Asia",1,1989-02-16,2009-06-11,2010-11-08,16.9032258064516,1,260.741935483871
"421","IND","India",2011,2012,"2011–2012",2,0,7,"Asia",0,1989-02-16,NA,NA,NA,1,NA
"421","IND","India",2013,2014,"2013–2014",2,1,8,"Asia",1,1989-02-16,2013-12-11,2014-12-31,12.6451612903226,1,310.483870967742
"421","IND","India",2015,2019,"2015–2019",5,0,9,"Asia",0,1989-02-16,NA,NA,NA,4,NA
"422","MMR","Myanmar (Burma)",1946,1996,"1946–1996",51,0,1,"Asia",0,1997-03-16,NA,NA,NA,50,NA
"422","MMR","Myanmar (Burma)",1997,1997,"1997–1997",1,1,2,"Asia",1,1997-03-16,1997-03-16,1997-07-15,3.96666666666667,0,3.96666666666667
"422","MMR","Myanmar (Burma)",1998,2019,"1998–2019",22,0,3,"Asia",0,1997-03-16,NA,NA,NA,21,NA
"423","THA","Thailand",1946,2002,"1946–2002",57,0,1,"Asia",0,1965-12-31,NA,NA,NA,56,NA
"423","THA","Thailand",2003,2019,"2003–2019",17,1,2,"Asia",1,1965-12-31,2003-10-27,NA,NA,16,NA
"424","NGA","Nigeria",1946,2003,"1946–2003",58,0,1,"Africa",0,2003-12-31,NA,NA,NA,57,NA
"424","NGA","Nigeria",2004,2004,"2004–2004",1,1,2,"Africa",1,2003-12-31,2004-09-23,2004-10-08,0.5,0,9.25806451612903
"424","NGA","Nigeria",2005,2019,"2005–2019",15,0,3,"Africa",0,2003-12-31,NA,NA,NA,14,NA
"425","NGA","Nigeria",1946,2003,"1946–2003",58,0,1,"Africa",0,2004-06-04,NA,NA,NA,57,NA
"425","NGA","Nigeria",2004,2004,"2004–2004",1,1,2,"Africa",1,2004-06-04,2004-06-04,2004-09-20,3.53333333333333,0,3.53333333333333
"425","NGA","Nigeria",2005,2019,"2005–2019",15,0,3,"Africa",0,2004-06-04,NA,NA,NA,14,NA
"426","ISR","Israel",1946,1989,"1946–1989",44,0,1,"Middle East",0,1986-09-30,NA,NA,NA,43,NA
"426","ISR","Israel",1990,1999,"1990–1999",10,1,2,"Middle East",1,1986-09-30,1990-07-10,1999-12-30,113.645161290323,9,159
"426","ISR","Israel",2000,2005,"2000–2005",6,0,3,"Middle East",0,1986-09-30,NA,NA,NA,5,NA
"426","ISR","Israel",2006,2006,"2006–2006",1,1,4,"Middle East",1,1986-09-30,2006-07-13,2006-08-23,1.32258064516129,0,238.774193548387
"426","ISR","Israel",2007,2019,"2007–2019",13,0,5,"Middle East",0,1986-09-30,NA,NA,NA,12,NA
"428","MRT","Mauritania",1946,1974,"1946–1974",29,0,1,"Africa",0,1975-12-10,NA,NA,NA,28,NA
"428","MRT","Mauritania",1975,1978,"1975–1978",4,1,2,"Africa",1,1975-12-10,1975-12-19,1978-12-31,36.3870967741936,3,36.6774193548387
"428","MRT","Mauritania",1979,2019,"1979–2019",41,0,3,"Africa",0,1975-12-10,NA,NA,NA,40,NA
"429","COD","Congo - Kinshasa",1946,2006,"1946–2006",61,0,1,"Africa",0,1998-07-02,NA,NA,NA,60,NA
"429","COD","Congo - Kinshasa",2007,2008,"2007–2008",2,1,2,"Africa",1,1998-07-02,2007-02-01,2008-03-31,13.9677419354839,1,116.935483870968
"429","COD","Congo - Kinshasa",2009,2016,"2009–2016",8,0,3,"Africa",0,1998-07-02,NA,NA,NA,7,NA
"429","COD","Congo - Kinshasa",2017,2017,"2017–2017",1,1,4,"Africa",1,1998-07-02,2017-08-07,2017-08-31,0.774193548387097,0,229.935483870968
"429","COD","Congo - Kinshasa",2018,2019,"2018–2019",2,0,5,"Africa",0,1998-07-02,NA,NA,NA,1,NA
"430","NER","Niger",1946,1990,"1946–1990",45,0,1,"Africa",0,1991-10-25,NA,NA,NA,44,NA
"430","NER","Niger",1991,1992,"1991–1992",2,1,2,"Africa",1,1991-10-25,1991-12-31,1992-12-18,11.5806451612903,1,13.7666666666667
"430","NER","Niger",1993,1996,"1993–1996",4,0,3,"Africa",0,1991-10-25,NA,NA,NA,3,NA
"430","NER","Niger",1997,1997,"1997–1997",1,1,4,"Africa",1,1991-10-25,1997-10-19,1997-11-28,1.3,0,73.1
"430","NER","Niger",1998,2006,"1998–2006",9,0,5,"Africa",0,1991-10-25,NA,NA,NA,8,NA
"430","NER","Niger",2007,2008,"2007–2008",2,1,6,"Africa",1,1991-10-25,2007-04-30,2008-11-16,18.5483870967742,1,204.709677419355
"430","NER","Niger",2009,2019,"2009–2019",11,0,7,"Africa",0,1991-10-25,NA,NA,NA,10,NA
"432","RUS","Russia",1946,2006,"1946–2006",61,0,1,"Europe",0,2007-10-07,NA,NA,NA,60,NA
"432","RUS","Russia",2007,2015,"2007–2015",9,1,2,"Europe",1,2007-10-07,2007-11-28,2015-10-21,94.7666666666667,8,96.4516129032258
"432","RUS","Russia",2016,2019,"2016–2019",4,0,3,"Europe",0,2007-10-07,NA,NA,NA,3,NA
"434","IND","India",1946,2007,"1946–2007",62,0,1,"Asia",0,2000-06-20,NA,NA,NA,61,NA
"434","IND","India",2008,2008,"2008–2008",1,1,2,"Asia",1,2000-06-20,2008-12-22,2008-12-22,0,0,102.064516129032
"434","IND","India",2009,2019,"2009–2019",11,0,3,"Asia",0,2000-06-20,NA,NA,NA,10,NA
"436","ETH","Ethiopia",1946,1976,"1946–1976",31,0,1,"Africa",0,1977-12-31,NA,NA,NA,30,NA
"436","ETH","Ethiopia",1977,1980,"1977–1980",4,1,2,"Africa",1,1977-12-31,1977-12-31,1980-12-31,36,3,36
"436","ETH","Ethiopia",1981,2019,"1981–2019",39,0,3,"Africa",0,1977-12-31,NA,NA,NA,38,NA
"437","ETH","Ethiopia",1946,1980,"1946–1980",35,0,1,"Africa",0,1981-03-21,NA,NA,NA,34,NA
"437","ETH","Ethiopia",1981,1983,"1981–1983",3,1,2,"Africa",2,1981-03-21,1981-03-21,1983-12-31,33.3225806451613,2,33.3225806451613
"437","ETH","Ethiopia",1984,2019,"1984–2019",36,0,3,"Africa",0,1981-03-21,NA,NA,NA,35,NA
"439","MMR","Myanmar (Burma)",1946,2008,"1946–2008",63,0,1,"Asia",0,2009-08-27,NA,NA,NA,62,NA
"439","MMR","Myanmar (Burma)",2009,2009,"2009–2009",1,1,2,"Asia",1,2009-08-27,2009-08-29,2009-12-31,4.06451612903226,0,4.12903225806452
"439","MMR","Myanmar (Burma)",2010,2013,"2010–2013",4,0,3,"Asia",0,2009-08-27,NA,NA,NA,3,NA
"439","MMR","Myanmar (Burma)",2014,2017,"2014–2017",4,1,4,"Asia",1,2009-08-27,2014-12-22,2017-03-12,26.6428571428571,3,90.4642857142857
"439","MMR","Myanmar (Burma)",2018,2019,"2018–2019",2,0,5,"Asia",0,2009-08-27,NA,NA,NA,1,NA
"440","MMR","Myanmar (Burma)",1946,1972,"1946–1972",27,0,1,"Asia",0,1973-01-11,NA,NA,NA,26,NA
"440","MMR","Myanmar (Burma)",1973,1982,"1973–1982",10,1,2,"Asia",1,1973-01-11,1973-02-28,1982-12-31,118.096774193548,9,119.645161290323
"440","MMR","Myanmar (Burma)",1983,2019,"1983–2019",37,0,3,"Asia",0,1973-01-11,NA,NA,NA,36,NA
"442","MRT","Mauritania",1946,2009,"1946–2009",64,0,1,"Africa",0,2008-09-15,NA,NA,NA,63,NA
"442","MRT","Mauritania",2010,2011,"2010–2011",2,1,2,"Africa",1,2008-09-15,2010-09-18,2011-10-20,13.0645161290323,1,37.1612903225806
"442","MRT","Mauritania",2012,2019,"2012–2019",8,0,3,"Africa",0,2008-09-15,NA,NA,NA,7,NA
