"confid","conf_name"
"11342","Country vs. GNLA"
"11344","Country vs. Republic of South Sudan"
"11345","Country vs. SSDM/A, SSLM/A, SPLM/A - IO, SSDM/A - Cobra Faction, NAS"
"11346","Country vs. Forces of Muammar Gaddafi, NTC, ASL, Forces of the House of Representatives, Zintan Military Council, Forces of Khalifa al-Ghawil, PFLL"
"11347","Country vs. AQIM, Ansar Dine, Military faction (Red Berets), MUJAO, Signed-in-Blood Battalion, al-Murabitun, JNIM"
"11349","Country vs. ETIM"
"11350","Country vs. PBCP, PBCP-J"
"11447","Country vs. IGLF"
"11475","Country vs. NSCN-K"
"11487","Country vs. Sultanate of Sulu"
"11884","Country vs. CPI"
"13042","Country vs. PYD"
"13219","Country vs. Maidan"
"13246","Country vs. DPR"
"13247","Country vs. LPR"
"13306","Country vs. United Armed Forces of Novorossiya, DPR, LPR"
"13588","Country vs. IS"
"13604","Country vs. IS"
"13611","Country vs. FLM"
"13637","Country vs. IS"
"13638","Country vs. IS"
"13639","Country vs. IS"
"13640","Country vs. IS"
"13641","Country vs. IS"
"13645","Country vs. IS"
"13646","Country vs. Al-Shabaab"
"13648","Country vs. IS"
"13653","Country vs. UNLFW"
"13674","Country vs. IS"
"13675","Country vs. IS"
"13694","Country vs. IS"
"13721","Country vs. IS"
"13809","Country vs. SDF"
"13840","Country vs. IS"
"13886","Country vs. IS"
"13902","Country vs. IS"
"13936","Country vs. IS"
"14074","Country vs. Republic of Somaliland"
"14113","Country vs. IS"
"14129","Country vs. Ambazonia insurgents"
"14197","Country vs. IS"
"14268","Country vs. IS"
"14275","Country vs. IS"
"14333","Country vs. IS"
"14845","Country vs. IS"
"14935","Country vs. Military faction (forces of Asaminew Tsige)"
"200","Country vs. Popular Revolutionary Movement, MNR, ELN"
"202","Country vs. PLA"
"203","Country vs. DSE"
"205","Country vs. KDPI"
"206","Country vs. Republic of Azerbaijan"
"209","Country vs. Huk, CPP, Military faction (forces of Honasan, Abenina & Zumel)"
"210","Country vs. Forest Brothers"
"211","Country vs. LNPA, LTS(p)A"
"212","Country vs. BDPS"
"213","Country vs. UPA"
"217","Country vs. Taiwanese insurgents"
"220","Country vs. Opposition coalition (Febreristas, Liberals and Communists), Military faction (forces of Alfredo Stroessner), Military faction (forces of Andres Rodriguez)"
"221","Country vs. KNUP, KNU, God's Army, DKBA 5"
"222","Country vs. CPB, CPB-RF, PVO - ""White Band"" faction, ABSDF, PSLF"
"223","Country vs. APLP, Mujahid Party, ANLP, CPA, RPF, ALP, RSO, ARSA, ULA"
"224","Country vs. MFL-MUF, MPF, NMSP, BMA"
"225","Country vs. National Liberation Army"
"227","Country vs. CPI, CPI-ML, PWG, MCC, CPI-ML-J, CPI-Maoist"
"230","Country vs. Opposition coalition, Royalists, NDF, AQAP, Ansarallah, Forces of Hadi"
"231","Country vs. PNDF, KIO"
"233","Country vs. Military faction (Guatemala), Forces of Carlos Castillo Armas, FAR I, FAR II, EGP, ORPA, URNG"
"234","Country vs. Palestinian insurgents, Non PLO groups, PLO, Rejectionist Front, PFLP, PFLP-GC, Fatah, Hamas, PIJ, PNA, AMB, PRC"
"236","Country vs. Tibet"
"237","Country vs. Republic of South Moluccas"
"240","Country vs. Military faction (navy), CPT"
"242","Country vs. M-26-7, Cuban Revolutionary Council"
"243","Country vs. Darul Islam, Permesta Movement, PRRI"
"247","Country vs. Military faction (forces of Eduardo A. Lonardi Doucet), Military faction (forces of Samuel Toranzo Calderón), Military faction (colorados), ERP, Montoneros"
"249","Country vs. FNL"
"251","Country vs. NNC, NSCN-IM"
"253","Country vs. KNPP"
"258","Country vs. State of Oman/Free Oman"
"259","Country vs. Military faction (free Officers Movement), Military faction (forces of Abdul Wahab al-Shawaf), Military faction (forces of Abd as-Salam Arif), NCRC, SCIRI, al-Mahdi Army, Ansar al-Islam, IS, RJF"
"260","Country vs. Independent Nasserite Movement, NSF, LAA, Amal, NUF, Lebanese Forces - Hobeika faction, Forces of Michel Aoun, Lebanese Forces"
"261","Country vs. CPM"
"262","Country vs. Pathet Lao, Neutralists, LRM"
"264","Country vs. NSH, SSIA, SNUF, SSA, SSNLO, SURA, SSRA, TRC, MTA, RCSS, SSPP"
"265","Country vs. State of Katanga, Kata Katanga"
"266","Country vs. Independent Mining State of South Kasai"
"267","Country vs. Military faction (forces of Mengistu Neway), EPRP, TPLF, EDU, EPDM, EPRDF, Military faction (forces of Amsha Desta and Merid Negusie), Forces of Harar garrison"
"269","Country vs. NC, CPN-M"
"270","Country vs. OAS"
"271","Country vs. KDP, PUK, KDP-QM"
"275","Country vs. ELF, EPLF"
"277","Country vs. Military faction (navy), Bandera Roja, Military faction (forces of Hugo Chávez)"
"280","Country vs. CCO"
"282","Country vs. SSLM"
"283","Country vs. CNL, Military Faction (Forces of Jean Schramme), FLNC, AFDL, MLC, RCD, Baraka group, CNDP, CNPSC, M23, APCLS, Forces of Paul Joseph Mukungubila, Kamuina Nsapu, MNR, CMC, UPLC"
"284","Country vs. Military faction (forces loyal to Léon M'Ba)"
"287","Country vs. Military faction (forces loyal to Gervais Nyangoma), Palipehutu, CNDD, Frolina, Palipehutu-FNL, CNDD-FDD, RED-TABARA, FPB, Military faction (forces of Godefroid Niyombare)"
"288","Country vs. Frolinat, First Liberation Army, Second Liberation Army, FAN, FAP, FAT, GUNT, CDR, Islamic Legion, MOSANAT, Revolutionary Forces of 1 April, MPS, MDD, Military faction (forces of Maldoum Bada Abbas), CNR, CSNPD, FNT, FARF, MDJT, FUCD, RAFD, UFDD, AN, UFR, FPRN, CCMSR"
"289","Country vs. FARC, ELN, M-19, EPL, EPL - Megateo, FARC dissidents"
"290","Country vs. Military faction (constitutionalists)"
"291","Country vs. OPM"
"292","Country vs. ELN, MIR, Sendero Luminoso, MRTA"
"295","Country vs. NLC, Military faction (forces of Jerry John Rawlings), Military faction (forces of Ekow Dennis and Edward Adjei-Ampofo)"
"296","Country vs. MNF"
"297","Country vs. Military faction (forces of Patrick Nzeogwu), Jama'atu Ahlis Sunna Lidda'awati wal-Jihad"
"298","Country vs. SWAPO"
"299","Country vs. Military faction (forces loyal to Nureddin Atassi and Youssef Zeayen), Muslim Brotherhood, Syrian insurgents"
"300","Country vs. KR, KNUFNS, KPNLF, FUNCINPEC, Forces of Norodom Ranariddh, Military faction (Forces of Hun Sen)"
"303","Country vs. Republic of Biafra"
"307","Country vs. RFDG"
"308","Country vs. MIM, MNLF, MILF, ASG, MNLF - NM, MNLF - HM, BIFM, al-Harakat al-Islamiyah, Maute group, BIFM-K"
"309","Country vs. Sudanese Communist Party, National Front, SPLM/A, NDA, JEM, SLM/A, NRF, SLM/A - MM, SLFA, SSDM/A, SPLM/A-North, SRF, SSLM/A, Darfur Joint Resistance Forces, SARC"
"310","Country vs. Monima"
"311","Country vs. Military faction (forces of Mohamed Madbouh)"
"312","Country vs. Mukti Bahini"
"313","Country vs. JVP"
"314","Country vs. Military faction (forces of Idi Amin), Kikosi Maalum, Military faction (forces of Charles Arube), Fronasa, UNLF, FUNA, NRA, UNRF, UFM, HSM, UPDA, UPA, Lord's Army, LRA, ADF, WNBF, UNRF II"
"315","Country vs. PIRA, RIRA"
"316","Country vs. Military faction (forces of Benjamin Mejia), ERP, FPL, FMLN"
"317","Country vs. PFLO"
"318","Country vs. ZAPU, ZANU, PF"
"319","Country vs. MLN/Tupamaros"
"321","Country vs. Military faction (forces of Augusto Pinochet, Toribio Merino and Leigh Guzman)"
"322","Country vs. JSS/SB"
"325","Country vs. BLF, BLA, Baloch Ittehad, BRA, UBA, BRAS"
"326","Country vs. EIJM - AS"
"327","Country vs. FNLA, UNITA"
"329","Country vs. Ogaden Liberation Front, WSLF, AIAI, ONLF"
"330","Country vs. CNRT"
"331","Country vs. POLISARIO"
"332","Country vs. Renamo, Ansar al-Sunnah"
"333","Country vs. PDPA, Jam'iyyat-i Islami-yi Afghanistan, Harakat-i Inqilab-i Islami-yi Afghanistan, Hizb-i Islami-yi Afghanistan, Hizb-i Islami-yi Afghanistan - Khalis faction, Jabha-yi Nijat-i Milli-yi Afghanistan, Mahaz-i Milli-yi Islami-yi Afghanistan, Ittihad-i Islami Bara-yi Azadi-yi Afghanistan, Harakat-i Islami-yi Afghanistan, Hizb-i Wahdat, Military faction (forces of Shahnawaz Tanay), Junbish-i Milli-yi Islami, Taleban, UIFSA"
"335","Country vs. TNV, ATTF, NLFT, NLFT-B"
"336","Country vs. FSLN, Contras"
"337","Country vs. SSDF, SNM, SPM, USC/SSA, USC/SNA, SRRC, ARS/UIC, Al-Shabaab, Hizbul Islam"
"338","Country vs. MEK, PJAK, Jondullah, Jaish al-Adl"
"339","Country vs. APCO"
"340","Country vs. JSM"
"341","Country vs. Military faction (forces of Samuel Doe), NPFL, INPFL, LURD, MODEL"
"342","Country vs. ETA"
"343","Country vs. Résistance Armée Tunisienne"
"344","Country vs. NRC"
"345","Country vs. ANC"
"347","Country vs. PLA, UNLF, KCP, PREPAK"
"348","Country vs. Military faction (forces of Hezekiah Ochuka)"
"351","Country vs. Sikh insurgents"
"352","Country vs. LTTE, TELO, EPRLF"
"353","Country vs. UPC, Military faction (forces of Ibrahim Saleh), Jama'atu Ahlis Sunna Lidda'awati wal-Jihad"
"354","Country vs. PKK"
"357","Country vs. SLA"
"358","Country vs. MTD"
"359","Country vs. YSP - AFI"
"360","Country vs. Popular Front, JNIM"
"362","Country vs. Presidential guard"
"363","Country vs. ALF, ARDUF"
"364","Country vs. Kashmir insurgents"
"365","Country vs. ULFA"
"366","Country vs. GAM"
"367","Country vs. Military faction (forces of Moisés Giroldi)"
"369","Country vs. BRA"
"370","Country vs. Military faction (forces of Nicolae Ceausescu), NSF"
"372","Country vs. MPA, FPLA, FIAA, ATNMC, CMA"
"373","Country vs. CRA"
"374","Country vs. FPR, ALiR, FDLR, CNRD, FDLR-RUD"
"375","Country vs. MFDC"
"376","Country vs. Republic of Armenia"
"377","Country vs. APF"
"378","Country vs. Jamaat al-Muslimeen"
"379","Country vs. FRUD, FRUD-C"
"380","Country vs. National Guard and Mkhedrioni, Zviadists"
"381","Country vs. Military faction (forces of Himmler Rebu and Guy Francois), Military faction (forces of Raol Cédras), FLRN, OP Lavalas"
"382","Country vs. RUF, AFRC, Kamajors, WSB"
"383","Country vs. DHKP-C, MKP, TAK, Yurtta Sulh Konseyi"
"384","Country vs. Republic of Slovenia"
"385","Country vs. Croatian irregulars, Republic of Croatia"
"386","Country vs. Takfir wa'l Hijra, AIS, GIA, AQIM, MUJAO"
"387","Country vs. FLEC-R, FLEC-FAC, FLEC-FAC-TN"
"388","Country vs. Republic of Artsakh"
"389","Country vs. Serbian irregulars, Serbian Republic of Bosnia-Herzegovina"
"390","Country vs. Serbian irregulars, Serbian Republic of Krajina"
"391","Country vs. al-Gama'a al-Islamiyya, Ansar Bayt al-Maqdis, Harakit Sawa'id Misr, Jama'at Ansar al-Islam"
"392","Country vs. Republic of Abkhazia"
"393","Country vs. Republic of South Ossetia"
"394","Country vs. PMR"
"395","Country vs. PFT, UTO, Forces of Khudoberdiyev, Forces of Mullo Abdullo, IMU"
"396","Country vs. Military faction (forces of Suret Husseinov), OPON Forces"
"397","Country vs. Autonomous Province of Western Bosnia"
"398","Country vs. Croatian irregulars, Croatian Republic of Bosnia-Herzegovina"
"399","Country vs. Parliamentary Forces"
"400","Country vs. EZLN, EPR"
"401","Country vs. Chechen Republic of Ichkeria"
"402","Country vs. Democratic Republic of Yemen"
"404","Country vs. MQM, TTP, Lashkar-e-Islam, TTP - TA, IMU, Jamaat-ul-Ahrar"
"406","Country vs. FDR"
"407","Country vs. MPA/Republic of Anjouan"
"408","Country vs. Ninjas, Cobras, Cocoyes, Ntsiloulous"
"410","Country vs. Military Junta for the Consolidation of Democracy, Peace and Justice"
"411","Country vs. Military faction (Lesotho)"
"412","Country vs. UCK"
"413","Country vs. OLF"
"414","Country vs. Wahhabi movement of the Buinaksk district"
"415","Country vs. IMU, JIG"
"416","Country vs. Military faction (forces of André Kolingba), Forces of Francois Bozize, Seleka, CPJP, anti-Balaka, UPC (Ali Darass Fulani supporters)"
"417","Country vs. UCK"
"418","Country vs. al-Qaida"
"419","Country vs. MPCI, MPIGO, MJP, FRCI, FDSI-CI"
"421","Country vs. ABSU, NDFB, NDFB - RD, NDFB-S"
"422","Country vs. UWSA"
"423","Country vs. Patani insurgents"
"424","Country vs. Ahlul Sunnah Jamaa"
"425","Country vs. NDPVF"
"426","Country vs. Hezbollah"
"428","Country vs. POLISARIO"
"429","Country vs. BDK"
"430","Country vs. FLAA, UFRA, MNJ"
"432","Country vs. Forces of the Caucasus Emirate"
"434","Country vs. PULF"
"436","Country vs. SALF"
"437","Country vs. SLM"
"439","Country vs. MNDAA"
"440","Country vs. LNUP"
"442","Country vs. AQIM"
